# Rhino

mtllib halfdome2.mtl
o object_1
usemtl diffuse_0_0_0_255
v 0.36088481903076175 0.39447692871093754 0.625820770263672
v 0.4658303833007813 0.49349010467529308 0.46602630615234375
v 0.33201404571533205 0.36291877746582035 0.57575508117675789
v 0.42856395721435547 0.45401088714599613 0.42874420166015625
v 0.3896047973632813 0.25441032409667969 0.67515235900878912
v 0.36088481903076175 0.39447692871093754 0.625820770263672
v 0.35843639373779301 0.23405748367309573 0.62114017486572282
v 0.33201404571533205 0.36291877746582035 0.57575508117675789
v 0.56812240600585939 0.12628748893737793 0.56818126678466807
v 0.3896047973632813 0.25441032409667969 0.67515235900878912
v 0.52267261505126961 0.11618449211120606 0.52272674560546883
v 0.35843639373779301 0.23405748367309573 0.62114017486572282
v 0.67521400451660163 0.25451292037963874 0.38980964660644535
v 0.56812240600585939 0.12628748893737793 0.56818126678466807
v 0.62119689941406264 0.2341518783569336 0.35862487792968756
v 0.52267261505126961 0.11618449211120606 0.52272674560546883
v 0.62582706451416026 0.39459785461425789 0.36127494812011723
v 0.67521400451660163 0.25451292037963874 0.38980964660644535
v 0.57576091766357429 0.36303005218505863 0.33237297058105475
v 0.62119689941406264 0.2341518783569336 0.35862487792968756
v 0.4658303833007813 0.49349010467529308 0.46602630615234375
v 0.62582706451416026 0.39459785461425789 0.36127494812011723
v 0.42856395721435547 0.45401088714599613 0.42874420166015625
v 0.57576091766357429 0.36303005218505863 0.33237297058105475
v 0.36088481903076175 0.39447692871093754 0.625820770263672
v 0.4658303833007813 0.49349010467529308 0.46602630615234375
v 0.3896047973632813 0.25441032409667969 0.67515235900878912
v 0.56812240600585939 0.12628748893737793 0.56818126678466807
v 0.67521400451660163 0.25451292037963874 0.38980964660644535
v 0.62582706451416026 0.39459785461425789 0.36127494812011723
v 0.33201404571533205 0.36291877746582035 0.57575508117675789
v 0.42856395721435547 0.45401088714599613 0.42874420166015625
v 0.35843639373779301 0.23405748367309573 0.62114017486572282
v 0.52267261505126961 0.11618449211120606 0.52272674560546883
v 0.62119689941406264 0.2341518783569336 0.35862487792968756
v 0.57576091766357429 0.36303005218505863 0.33237297058105475
vt 0.7188611626625061 0.17807760834693909
vt 0.7188611626625061 0.4688103199005127
vt 0.80824458599090576 0.17807760834693909
vt 0.80824458599090576 0.4688103199005127
vt 0.43774405121803284 0.17807760834693909
vt 0.43774405121803284 0.38335698843002319
vt 0.52711367607116699 0.17807760834693909
vt 0.52711367607116699 0.38335698843002319
vt 0.76943188905715942 0
vt 0.43774405121803284 0
vt 0.76943188905715942 0.087564192712306976
vt 0.43774405121803284 0.087564192712306976
vt 0.76943188905715942 0.089029036462306976
vt 0.43774405121803284 0.089029036462306976
vt 0.76943188905715942 0.17661276459693909
vt 0.43774405121803284 0.17661276459693909
vt 0.57828265428543091 0.17807760834693909
vt 0.57828265428543091 0.38335698843002319
vt 0.66767770051956177 0.17807760834693909
vt 0.66767770051956177 0.38335698843002319
vt 0.8594214916229248 0.17807760834693909
vt 0.8594214916229248 0.4688103199005127
vt 0.94881653785705566 0.17807760834693909
vt 0.94881653785705566 0.4688103199005127
vt 0.8618539571762085 0.93996864557266235
vt 0.57140475511550903 0.91601341962814331
vt 0.99303716421127319 0.78284502029418945
vt 0.87245571613311768 0.47492560744285583
vt 0.54163205623626709 0.47492560744285583
vt 0.44324198365211487 0.65439462661743164
vt 0.0042772600427269936 0.39120030403137207
vt 0.026310129091143608 0.1232890710234642
vt 0.14879214763641357 0.51220411062240601
vt 0.43200194835662842 0.40097939968109131
vt 0.43200194835662842 0.095826610922813416
vt 0.26693478226661682 0.0050713284872472286
vn -0.71143364906311035 0.70201289653778076 -0.03224945068359375
vn -0.71143364906311035 0.70201289653778076 -0.03224945068359375
vn -0.71143364906311035 0.70201289653778076 -0.03224945068359375
vn -0.71143364906311035 0.70201289653778076 -0.03224945068359375
vn -0.86590772867202759 -0.0013784616021439433 0.50020188093185425
vn -0.86590772867202759 -0.0013784616021439433 0.50020188093185425
vn -0.86590772867202759 -0.0013784616021439433 0.50020188093185425
vn -0.86590772867202759 -0.0013784616021439433 0.50020188093185425
vn -0.30054947733879089 -0.82225996255874634 0.4832790195941925
vn -0.30054947733879089 -0.82225996255874634 0.4832790195941925
vn -0.30054947733879089 -0.82225996255874634 0.4832790195941925
vn -0.30054947733879089 -0.82225996255874634 0.4832790195941925
vn 0.48347470164299011 -0.82208919525146484 -0.30070176720619202
vn 0.48347470164299011 -0.82208919525146484 -0.30070176720619202
vn 0.48347470164299011 -0.82208919525146484 -0.30070176720619202
vn 0.48347470164299011 -0.82208919525146484 -0.30070176720619202
vn 0.50001102685928345 -0.00012541667092591524 -0.86601901054382324
vn 0.50001102685928345 -0.00012541667092591524 -0.86601901054382324
vn 0.50001102685928345 -0.00012541667092591524 -0.86601901054382324
vn 0.50001102685928345 -0.00012541667092591524 -0.86601901054382324
vn -0.031909644603729248 0.70199400186538696 -0.71146762371063232
vn -0.031909644603729248 0.70199400186538696 -0.71146762371063232
vn -0.031909644603729248 0.70199400186538696 -0.71146762371063232
vn -0.031909644603729248 0.70199400186538696 -0.71146762371063232
vn 0.65748941898345947 0.36630767583847046 0.65842717885971069
vn 0.65748941898345947 0.36630767583847046 0.65842717885971069
vn 0.65748941898345947 0.36630767583847046 0.65842717885971069
vn 0.65748941898345947 0.36630767583847046 0.65842717885971069
vn 0.65748941898345947 0.36630767583847046 0.65842717885971069
vn 0.65748941898345947 0.36630767583847046 0.65842717885971069
vn -0.65743416547775269 -0.36594885587692261 -0.65868180990219116
vn -0.65743416547775269 -0.36594885587692261 -0.65868180990219116
vn -0.65743416547775269 -0.36594885587692261 -0.65868180990219116
vn -0.65743416547775269 -0.36594885587692261 -0.65868180990219116
vn -0.65743416547775269 -0.36594885587692261 -0.65868180990219116
vn -0.65743416547775269 -0.36594885587692261 -0.65868180990219116
f 2/2/2 4/4/4 1/1/1
f 6/6/6 8/8/8 5/5/5
f 10/10/10 12/12/12 9/9/9
f 14/14/14 16/16/16 15/15/15
f 18/18/18 20/20/20 19/19/19
f 22/22/22 24/24/24 21/21/21
f 27/27/27 30/30/30 26/26/26
f 29/29/29 30/30/30 28/28/28
f 25/25/25 27/27/27 26/26/26
f 28/28/28 30/30/30 27/27/27
f 32/32/32 36/36/36 35/35/35
f 34/34/34 32/32/32 35/35/35
f 33/33/33 31/31/31 34/34/34
f 32/32/32 34/34/34 31/31/31
f 4/4/4 3/3/3 1/1/1
f 8/8/8 7/7/7 5/5/5
f 12/12/12 11/11/11 9/9/9
f 14/14/14 15/15/15 13/13/13
f 18/18/18 19/19/19 17/17/17
f 24/24/24 23/23/23 21/21/21
o object_2
usemtl diffuse_0_0_0_255
v 0.72288101196289078 0.39470554351806642 -0.00011348125524818898
v 0.63684852600097663 0.49391029357910166 -0.17072498321533205
v 0.66505050659179688 0.36312908172607428 -0.00010440275073051453
v 0.58590065002441416 0.45439746856689456 -0.15706698417663578
v 0.77984092712402353 0.25458892822265627 -4.8601925373077398E-05
v 0.72288101196289078 0.39470554351806642 -0.00011348125524818898
v 0.71745361328125012 0.23422180175781251 -4.4713770039379602E-05
v 0.66505050659179688 0.36312908172607428 -0.00010440275073051453
v 0.7762220764160157 0.1262846660614014 -0.20801912307739259
v 0.77984092712402353 0.25458892822265627 -4.8601925373077398E-05
v 0.71412429809570321 0.11618188858032229 -0.19137758255004886
v 0.71745361328125012 0.23422180175781251 -4.4713770039379602E-05
v 0.6753254699707032 0.254561710357666 -0.38993030548095708
v 0.7762220764160157 0.1262846660614014 -0.20801912307739259
v 0.62129940032958997 0.23419677734375002 -0.35873588562011727
v 0.71412429809570321 0.11618188858032229 -0.19137758255004886
v 0.62597633361816418 0.39467632293701177 -0.36147579193115242
v 0.6753254699707032 0.254561710357666 -0.38993030548095708
v 0.5758982086181641 0.36310222625732425 -0.33255771636962894
v 0.62129940032958997 0.23419677734375002 -0.35873588562011727
v 0.63684852600097663 0.49391029357910166 -0.17072498321533205
v 0.62597633361816418 0.39467632293701177 -0.36147579193115242
v 0.58590065002441416 0.45439746856689456 -0.15706698417663578
v 0.5758982086181641 0.36310222625732425 -0.33255771636962894
v 0.72288101196289078 0.39470554351806642 -0.00011348125524818898
v 0.63684852600097663 0.49391029357910166 -0.17072498321533205
v 0.77984092712402353 0.25458892822265627 -4.8601925373077398E-05
v 0.7762220764160157 0.1262846660614014 -0.20801912307739259
v 0.6753254699707032 0.254561710357666 -0.38993030548095708
v 0.62597633361816418 0.39467632293701177 -0.36147579193115242
v 0.66505050659179688 0.36312908172607428 -0.00010440275073051453
v 0.58590065002441416 0.45439746856689456 -0.15706698417663578
v 0.71745361328125012 0.23422180175781251 -4.4713770039379602E-05
v 0.71412429809570321 0.11618188858032229 -0.19137758255004886
v 0.62129940032958997 0.23419677734375002 -0.35873588562011727
v 0.5758982086181641 0.36310222625732425 -0.33255771636962894
vt 0.85940760374069214 0.17818111181259155
vt 0.85940760374069214 0.46898701786994934
vt 0.94887673854827881 0.17818111181259155
vt 0.94887673854827881 0.46898701786994934
vt 0.57825607061386108 0.17818111181259155
vt 0.57825607061386108 0.38351190090179443
vt 0.66770398616790771 0.17818111181259155
vt 0.66770398616790771 0.38351190090179443
vt 0.76947498321533203 0.089088715612888336
vt 0.43770405650138855 0.089088715612888336
vt 0.76947498321533203 0.17671626806259155
vt 0.43770405650138855 0.17671626806259155
vt 0.76947498321533203 0
vt 0.43770405650138855 0
vt 0.76947498321533203 0.087623871862888336
vt 0.43770405650138855 0.087623871862888336
vt 0.43770405650138855 0.17818111181259155
vt 0.43770405650138855 0.38351190090179443
vt 0.52714747190475464 0.17818111181259155
vt 0.52714747190475464 0.38351190090179443
vt 0.71881520748138428 0.17818111181259155
vt 0.71881520748138428 0.46898701786994934
vt 0.80828434228897095 0.17818111181259155
vt 0.80828434228897095 0.46898701786994934
vt 0.86155021190643311 0.94010227918624878
vt 0.57100266218185425 0.91645294427871704
vt 0.99303680658340454 0.7831653356552124
vt 0.87259656190872192 0.47510185837745667
vt 0.54168993234634399 0.47510185837745667
vt 0.44320240616798401 0.6545758843421936
vt 0.0042768679559230804 0.39095693826675415
vt 0.026028405874967575 0.12295500934123993
vt 0.14862005412578583 0.51224058866500854
vt 0.43196237087249756 0.40114611387252808
vt 0.43196237087249756 0.095916874706745148
vt 0.26689058542251587 0.0050716889090836048
vn -0.38294810056686401 0.70152062177658081 0.60101544857025146
vn -0.38294810056686401 0.70152062177658081 0.60101544857025146
vn -0.38294810056686401 0.70152062177658081 0.60101544857025146
vn -0.38294810056686401 0.70152062177658081 0.60101544857025146
vn -7.8432742157019675E-05 0.00043115374865010381 0.99999988079071045
vn -7.8432742157019675E-05 0.00043115374865010381 0.99999988079071045
vn -7.8432742157019675E-05 0.00043115374865010381 0.99999988079071045
vn -7.8432742157019675E-05 0.00043115374865010381 0.99999988079071045
vn 0.26836085319519043 -0.82193005084991455 0.50240761041641235
vn 0.26836085319519043 -0.82193005084991455 0.50240761041641235
vn 0.26836085319519043 -0.82193005084991455 0.50240761041641235
vn 0.26836085319519043 -0.82193005084991455 0.50240761041641235
vn -0.018809719011187553 -0.8219839334487915 -0.56919997930526733
vn -0.018809719011187553 -0.8219839334487915 -0.56919997930526733
vn -0.018809719011187553 -0.8219839334487915 -0.56919997930526733
vn -0.018809719011187553 -0.8219839334487915 -0.56919997930526733
vn -0.4999687671661377 -0.00021533724793698639 -0.86604338884353638
vn -0.4999687671661377 -0.00021533724793698639 -0.86604338884353638
vn -0.4999687671661377 -0.00021533724793698639 -0.86604338884353638
vn -0.4999687671661377 -0.00021533724793698639 -0.86604338884353638
vn -0.63222724199295044 0.70150452852249146 -0.32890751957893372
vn -0.63222724199295044 0.70150452852249146 -0.32890751957893372
vn -0.63222724199295044 0.70150452852249146 -0.32890751957893372
vn -0.63222724199295044 0.70150452852249146 -0.32890751957893372
vn 0.8991360068321228 0.36518874764442444 -0.24122940003871918
vn 0.8991360068321228 0.36518874764442444 -0.24122940003871918
vn 0.8991360068321228 0.36518874764442444 -0.24122940003871918
vn 0.8991360068321228 0.36518874764442444 -0.24122940003871918
vn 0.8991360068321228 0.36518874764442444 -0.24122940003871918
vn 0.8991360068321228 0.36518874764442444 -0.24122940003871918
vn -0.89913606643676758 -0.36518850922584534 0.24122944474220276
vn -0.89913606643676758 -0.36518850922584534 0.24122944474220276
vn -0.89913606643676758 -0.36518850922584534 0.24122944474220276
vn -0.89913606643676758 -0.36518850922584534 0.24122944474220276
vn -0.89913606643676758 -0.36518850922584534 0.24122944474220276
vn -0.89913606643676758 -0.36518850922584534 0.24122944474220276
f 38/38/38 40/40/40 37/37/37
f 42/42/42 44/44/44 41/41/41
f 46/46/46 48/48/48 45/45/45
f 50/50/50 52/52/52 51/51/51
f 54/54/54 56/56/56 55/55/55
f 58/58/58 60/60/60 59/59/59
f 63/63/63 66/66/66 62/62/62
f 65/65/65 66/66/66 64/64/64
f 61/61/61 63/63/63 62/62/62
f 64/64/64 66/66/66 63/63/63
f 69/69/69 68/68/68 72/72/72
f 71/71/71 70/70/70 72/72/72
f 67/67/67 68/68/68 69/69/69
f 70/70/70 69/69/69 72/72/72
f 40/40/40 39/39/39 37/37/37
f 44/44/44 43/43/43 41/41/41
f 48/48/48 47/47/47 45/45/45
f 50/50/50 51/51/51 49/49/49
f 54/54/54 55/55/55 53/53/53
f 58/58/58 59/59/59 57/57/57
o object_3
usemtl diffuse_0_0_0_255
v 0.77621673583984385 0.12628549575805667 0.20792232513427736
v 0.77984092712402353 0.25458892822265627 -4.8601925373077398E-05
v 0.71411941528320322 0.11618265151977542 0.19128854751586916
v 0.71745361328125012 0.23422180175781251 -4.4713770039379602E-05
v 0.77273094177246104 3.462368331383914E-06 0.20705419540405276
v 0.77621673583984385 0.12628549575805667 0.20792232513427736
v 0.71091247558593762 3.185378736816347E-06 0.19048986434936524
v 0.71411941528320322 0.11618265151977542 0.19128854751586916
v 0.7727151489257813 3.9494171505793938E-06 -0.20705043792724612
v 0.77273094177246104 3.462368331383914E-06 0.20705419540405276
v 0.71089790344238291 3.6334639298729597E-06 -0.19048641204833985
v 0.71091247558593762 3.185378736816347E-06 0.19048986434936524
v 0.7762220764160157 0.1262846660614014 -0.20801912307739259
v 0.7727151489257813 3.9494171505793938E-06 -0.20705043792724612
v 0.71412429809570321 0.11618188858032229 -0.19137758255004886
v 0.71089790344238291 3.6334639298729597E-06 -0.19048641204833985
v 0.77984092712402353 0.25458892822265627 -4.8601925373077398E-05
v 0.7762220764160157 0.1262846660614014 -0.20801912307739259
v 0.71745361328125012 0.23422180175781251 -4.4713770039379602E-05
v 0.71412429809570321 0.11618188858032229 -0.19137758255004886
v 0.77621673583984385 0.12628549575805667 0.20792232513427736
v 0.77984092712402353 0.25458892822265627 -4.8601925373077398E-05
v 0.77273094177246104 3.462368331383914E-06 0.20705419540405276
v 0.7727151489257813 3.9494171505793938E-06 -0.20705043792724612
v 0.7762220764160157 0.1262846660614014 -0.20801912307739259
v 0.71411941528320322 0.11618265151977542 0.19128854751586916
v 0.71745361328125012 0.23422180175781251 -4.4713770039379602E-05
v 0.71091247558593762 3.185378736816347E-06 0.19048986434936524
v 0.71089790344238291 3.6334639298729597E-06 -0.19048641204833985
v 0.71412429809570321 0.11618188858032229 -0.19137758255004886
v 0.71745361328125012 0.23422180175781251 -4.4713770039379602E-05
v 0.71091247558593762 3.185378736816347E-06 0.19048986434936524
vt 0.69000381231307983 0
vt 0.30210047960281372 0
vt 0.69000381231307983 0.10270112007856369
vt 0.30210047960281372 0.10270112007856369
vt 0.19905439019203186 0
vt 0 0
vt 0.19905439019203186 0.1032896563410759
vt 0 0.1032896563410759
vt 0.20051923394203186 0
vt 0.20051923394203186 0.65727776288986206
vt 0.30063563585281372 0
vt 0.30063563585281372 0.65727776288986206
vt 0.19905439019203186 0.49999088048934937
vt 0 0.49999088048934937
vt 0.19905439019203186 0.60328429937362671
vt 0 0.60328429937362671
vt 0.69000381231307983 0.10416596382856369
vt 0.30210047960281372 0.10416596382856369
vt 0.69000381231307983 0.20686708390712738
vt 0.30210047960281372 0.20686708390712738
vt 0.30868807435035706 0.79470497369766235
vt 0.63806688785552979 0.59170091152191162
vt 0.31006300449371338 0.9945070743560791
vt 0.96591097116470337 0.99450701475143433
vt 0.96744507551193237 0.79470604658126831
vt 0.30817428231239319 0.39874237775802612
vt 0.61186343431472778 0.21203659474849701
vt 0.30944198369979858 0.58250337839126587
vt 0.91413748264312744 0.58250331878662109
vt 0.91555196046829224 0.39874336123466492
vt 0.61186343431472778 0.21203659474849701
vt 0.30944198369979858 0.58250337839126587
vn -0.26830404996871948 0.82194805145263672 0.50240856409072876
vn -0.26830404996871948 0.82194805145263672 0.50240856409072876
vn -0.26830404996871948 0.82194805145263672 0.50240856409072876
vn -0.26830404996871948 0.82194805145263672 0.50240856409072876
vn -0.2588208019733429 0.00050400604959577322 0.96592521667480469
vn -0.2588208019733429 0.00050400604959577322 0.96592521667480469
vn -0.2588208019733429 0.00050400604959577322 0.96592521667480469
vn -0.2588208019733429 0.00050400604959577322 0.96592521667480469
vn 4.7958892537280917E-06 -1 -1.1763326028813026E-06
vn 4.7958892537280917E-06 -1 -1.1763326028813026E-06
vn 4.7958892537280917E-06 -1 -1.1763326028813026E-06
vn 4.7958892537280917E-06 -1 -1.1763326028813026E-06
vn -0.25882136821746826 -0.00022170323063619435 -0.96592515707015991
vn -0.25882136821746826 -0.00022170323063619435 -0.96592515707015991
vn -0.25882136821746826 -0.00022170323063619435 -0.96592515707015991
vn -0.25882136821746826 -0.00022170323063619435 -0.96592515707015991
vn -0.26836085319519043 0.82193005084991455 -0.50240761041641235
vn -0.26836085319519043 0.82193005084991455 -0.50240761041641235
vn -0.26836085319519043 0.82193005084991455 -0.50240761041641235
vn -0.26836085319519043 0.82193005084991455 -0.50240761041641235
vn 0.9996192455291748 -0.027592472732067108 -3.8155267247930169E-05
vn 0.9996192455291748 -0.027592472732067108 -3.8155267247930169E-05
vn 0.9996192455291748 -0.027592472732067108 -3.8155267247930169E-05
vn 0.9996192455291748 -0.027592472732067108 -3.8155267247930169E-05
vn 0.9996192455291748 -0.027592472732067108 -3.8155267247930169E-05
vn -0.99961906671524048 0.027595525607466698 -0.00039499346166849136
vn -0.99961453676223755 0.027762409299612045 0.00026633893139660358
vn -0.99961453676223755 0.027762409299612045 0.00026633893139660358
vn -0.99961453676223755 0.027762409299612045 0.00026633893139660358
vn -0.99961453676223755 0.027762409299612045 0.00026633893139660358
vn -0.99961906671524048 0.027595525607466698 -0.00039499346166849136
vn -0.99961906671524048 0.027595525607466698 -0.00039499346166849136
f 74/74/74 76/76/76 73/73/73
f 78/78/78 80/80/80 77/77/77
f 82/82/82 84/84/84 81/81/81
f 86/86/86 88/88/88 87/87/87
f 90/90/90 92/92/92 91/91/91
f 96/96/96 93/93/93 95/95/95
f 93/93/93 96/96/96 97/97/97
f 94/94/94 93/93/93 97/97/97
f 103/103/103 104/104/104 98/98/98
f 101/101/101 99/99/99 102/102/102
f 100/100/100 99/99/99 101/101/101
f 76/76/76 75/75/75 73/73/73
f 80/80/80 79/79/79 77/77/77
f 84/84/84 83/83/83 81/81/81
f 86/86/86 87/87/87 85/85/85
f 90/90/90 91/91/91 89/89/89
o object_4
usemtl diffuse_0_0_0_255
v 0.62582706451416026 0.39459785461425789 0.36127494812011723
v 0.63676086425781264 0.49380615234375008 0.17051431655883792
v 0.57576091766357429 0.36303005218505863 0.33237297058105475
v 0.58582000732421879 0.45430164337158208 0.15687315940856936
v 0.67521400451660163 0.25451292037963874 0.38980964660644535
v 0.62582706451416026 0.39459785461425789 0.36127494812011723
v 0.62119689941406264 0.2341518783569336 0.35862487792968756
v 0.57576091766357429 0.36303005218505863 0.33237297058105475
v 0.77621673583984385 0.12628549575805667 0.20792232513427736
v 0.67521400451660163 0.25451292037963874 0.38980964660644535
v 0.71411941528320322 0.11618265151977542 0.19128854751586916
v 0.62119689941406264 0.2341518783569336 0.35862487792968756
v 0.77984092712402353 0.25458892822265627 -4.8601925373077398E-05
v 0.77621673583984385 0.12628549575805667 0.20792232513427736
v 0.71745361328125012 0.23422180175781251 -4.4713770039379602E-05
v 0.71411941528320322 0.11618265151977542 0.19128854751586916
v 0.72288101196289078 0.39470554351806642 -0.00011348125524818898
v 0.77984092712402353 0.25458892822265627 -4.8601925373077398E-05
v 0.66505050659179688 0.36312908172607428 -0.00010440275073051453
v 0.71745361328125012 0.23422180175781251 -4.4713770039379602E-05
v 0.63676086425781264 0.49380615234375008 0.17051431655883792
v 0.72288101196289078 0.39470554351806642 -0.00011348125524818898
v 0.58582000732421879 0.45430164337158208 0.15687315940856936
v 0.66505050659179688 0.36312908172607428 -0.00010440275073051453
v 0.62582706451416026 0.39459785461425789 0.36127494812011723
v 0.63676086425781264 0.49380615234375008 0.17051431655883792
v 0.67521400451660163 0.25451292037963874 0.38980964660644535
v 0.77621673583984385 0.12628549575805667 0.20792232513427736
v 0.77984092712402353 0.25458892822265627 -4.8601925373077398E-05
v 0.72288101196289078 0.39470554351806642 -0.00011348125524818898
v 0.57576091766357429 0.36303005218505863 0.33237297058105475
v 0.58582000732421879 0.45430164337158208 0.15687315940856936
v 0.62119689941406264 0.2341518783569336 0.35862487792968756
v 0.71411941528320322 0.11618265151977542 0.19128854751586916
v 0.71745361328125012 0.23422180175781251 -4.4713770039379602E-05
v 0.66505050659179688 0.36312908172607428 -0.00010440275073051453
vt 0.85940730571746826 0.17815056443214417
vt 0.85940730571746826 0.46893557906150818
vt 0.94885116815567017 0.17815056443214417
vt 0.94885116815567017 0.46893557906150818
vt 0.43768441677093506 0.17815056443214417
vt 0.43768441677093506 0.3834666907787323
vt 0.52709543704986572 0.17815056443214417
vt 0.52709543704986572 0.3834666907787323
vt 0.76943165063858032 0
vt 0.43768441677093506 0
vt 0.76943165063858032 0.087599679827690125
vt 0.43768441677093506 0.087599679827690125
vt 0.76943165063858032 0.089064523577690125
vt 0.43768441677093506 0.089064523577690125
vt 0.76943165063858032 0.17668572068214417
vt 0.43768441677093506 0.17668572068214417
vt 0.57822555303573608 0.17815056443214417
vt 0.57822555303573608 0.3834666907787323
vt 0.66766709089279175 0.17815056443214417
vt 0.66766709089279175 0.3834666907787323
vt 0.71881461143493652 0.17815056443214417
vt 0.71881461143493652 0.46893557906150818
vt 0.80825847387313843 0.17815056443214417
vt 0.80825847387313843 0.46893557906150818
vt 0.86158061027526855 0.94002968072891235
vt 0.5710601806640625 0.91630327701568604
vt 0.99303662776947021 0.78308624029159546
vt 0.87259107828140259 0.47505024075508118
vt 0.54170805215835571 0.47505024075508118
vt 0.44318294525146484 0.65448695421218872
vt 0.004276675172150135 0.3910030722618103
vt 0.026099124923348427 0.12302621454000473
vt 0.14862586557865143 0.51225847005844116
vt 0.43194290995597839 0.40115916728973389
vt 0.43194290995597839 0.09595169872045517
vt 0.26690542697906494 0.0050718663260340691
vn -0.63215965032577515 0.70167094469070435 0.32868236303329468
vn -0.63215965032577515 0.70167094469070435 0.32868236303329468
vn -0.63215965032577515 0.70167094469070435 0.32868236303329468
vn -0.63215965032577515 0.70167094469070435 0.32868236303329468
vn -0.50001102685928345 0.00012541667092591524 0.86601901054382324
vn -0.50001102685928345 0.00012541667092591524 0.86601901054382324
vn -0.50001102685928345 0.00012541667092591524 0.86601901054382324
vn -0.50001102685928345 0.00012541667092591524 0.86601901054382324
vn -0.01871086098253727 -0.82203465700149536 0.56913000345230103
vn -0.01871086098253727 -0.82203465700149536 0.56913000345230103
vn -0.01871086098253727 -0.82203465700149536 0.56913000345230103
vn -0.01871086098253727 -0.82203465700149536 0.56913000345230103
vn 0.26830404996871948 -0.82194805145263672 -0.50240856409072876
vn 0.26830404996871948 -0.82194805145263672 -0.50240856409072876
vn 0.26830404996871948 -0.82194805145263672 -0.50240856409072876
vn 0.26830404996871948 -0.82194805145263672 -0.50240856409072876
vn 7.8432742157019675E-05 -0.00043115374865010381 -0.99999988079071045
vn 7.8432742157019675E-05 -0.00043115374865010381 -0.99999988079071045
vn 7.8432742157019675E-05 -0.00043115374865010381 -0.99999988079071045
vn 7.8432742157019675E-05 -0.00043115374865010381 -0.99999988079071045
vn -0.38315370678901672 0.70155149698257446 -0.60084837675094604
vn -0.38315370678901672 0.70155149698257446 -0.60084837675094604
vn -0.38315370678901672 0.70155149698257446 -0.60084837675094604
vn -0.38315370678901672 0.70155149698257446 -0.60084837675094604
vn 0.89894199371337891 0.36554780602455139 0.24140854179859161
vn 0.89894199371337891 0.36554780602455139 0.24140854179859161
vn 0.89894199371337891 0.36554780602455139 0.24140854179859161
vn 0.89894199371337891 0.36554780602455139 0.24140854179859161
vn 0.89894199371337891 0.36554780602455139 0.24140854179859161
vn 0.89894199371337891 0.36554780602455139 0.24140854179859161
vn -0.89892339706420898 -0.36563229560852051 -0.24134989082813263
vn -0.89892339706420898 -0.36563229560852051 -0.24134989082813263
vn -0.89892339706420898 -0.36563229560852051 -0.24134989082813263
vn -0.89892339706420898 -0.36563229560852051 -0.24134989082813263
vn -0.89892339706420898 -0.36563229560852051 -0.24134989082813263
vn -0.89892339706420898 -0.36563229560852051 -0.24134989082813263
f 106/106/106 108/108/108 105/105/105
f 110/110/110 112/112/112 109/109/109
f 114/114/114 116/116/116 113/113/113
f 118/118/118 120/120/120 119/119/119
f 122/122/122 124/124/124 123/123/123
f 126/126/126 128/128/128 127/127/127
f 130/130/130 133/133/133 134/134/134
f 132/132/132 133/133/133 130/130/130
f 131/131/131 132/132/132 129/129/129
f 130/130/130 129/129/129 132/132/132
f 137/137/137 136/136/136 140/140/140
f 139/139/139 138/138/138 140/140/140
f 135/135/135 136/136/136 137/137/137
f 138/138/138 137/137/137 140/140/140
f 108/108/108 107/107/107 105/105/105
f 112/112/112 111/111/111 109/109/109
f 116/116/116 115/115/115 113/113/113
f 118/118/118 119/119/119 117/117/117
f 122/122/122 123/123/123 121/121/121
f 126/126/126 127/127/127 125/125/125
o object_5
usemtl diffuse_0_0_0_255
v -0.5688252639770508 0.12627257347106935 -0.56814853668212895
v -0.39050090789794928 0.25441032409667969 -0.67542366027832035
v -0.52331924438476562 0.11617076873779297 -0.522696647644043
v -0.35926082611083987 0.23405750274658207 -0.62138977050781252
v -0.56568012237548826 2.6357133174315099E-06 -0.56568546295166022
v -0.5688252639770508 0.12627257347106935 -0.56814853668212895
v -0.52042572021484379 2.4248563568107786E-06 -0.52043060302734379
v -0.52331924438476562 0.11617076873779297 -0.522696647644043
v -0.20705217361450196 2.2828555665910246E-06 -0.77273284912109386
v -0.56568012237548826 2.6357133174315099E-06 -0.56568546295166022
v -0.19048799514770509 2.1002271387260409E-06 -0.71091423034667978
v -0.52042572021484379 2.4248563568107786E-06 -0.52043060302734379
v -0.20840696334838868 0.12628113746643069 -0.77617835998535156
v -0.20705217361450196 2.2828555665910246E-06 -0.77273284912109386
v -0.19173439025878908 0.1161786460876465 -0.7140840911865235
v -0.19048799514770509 2.1002271387260409E-06 -0.71091423034667978
v -0.39050090789794928 0.25441032409667969 -0.67542366027832035
v -0.20840696334838868 0.12628113746643069 -0.77617835998535156
v -0.35926082611083987 0.23405750274658207 -0.62138977050781252
v -0.19173439025878908 0.1161786460876465 -0.7140840911865235
v -0.5688252639770508 0.12627257347106935 -0.56814853668212895
v -0.39050090789794928 0.25441032409667969 -0.67542366027832035
v -0.56568012237548826 2.6357133174315099E-06 -0.56568546295166022
v -0.20705217361450196 2.2828555665910246E-06 -0.77273284912109386
v -0.20840696334838868 0.12628113746643069 -0.77617835998535156
v -0.52331924438476562 0.11617076873779297 -0.522696647644043
v -0.35926082611083987 0.23405750274658207 -0.62138977050781252
v -0.52042572021484379 2.4248563568107786E-06 -0.52043060302734379
v -0.19048799514770509 2.1002271387260409E-06 -0.71091423034667978
v -0.19173439025878908 0.1161786460876465 -0.7140840911865235
vt 0.69031709432601929 0.10424761474132538
vt 0.30223807692527771 0.10424761474132538
vt 0.69031709432601929 0.20703038573265076
vt 0.30223807692527771 0.20703038573265076
vt 0.19914521276950836 0.49991193413734436
vt 0 0.49991193413734436
vt 0.19914521276950836 0.60329580307006836
vt 0 0.60329580307006836
vt 0.20061005651950836 0
vt 0.20061005651950836 0.65757548809051514
vt 0.30077323317527771 0
vt 0.30077323317527771 0.65757548809051514
vt 0.19914521276950836 0
vt 0 0
vt 0.19914521276950836 0.10334745794534683
vt 0 0.10334745794534683
vt 0.69031709432601929 0
vt 0.30223807692527771 0
vt 0.69031709432601929 0.10278277099132538
vt 0.30223807692527771 0.10278277099132538
vt 0.96821331977844238 0.79166841506958008
vt 0.63852638006210327 0.99450790882110596
vt 0.96584868431091309 0.59178513288497925
vt 0.3097023069858551 0.59178513288497925
vt 0.30883190035820007 0.79168051481246948
vt 0.91626977920532227 0.39603471755981445
vt 0.61229711771011353 0.58258920907974243
vt 0.91408956050872803 0.2121991366147995
vt 0.30912011861801147 0.2121991366147995
vt 0.30831760168075562 0.39604580402374268
vn -0.30018123984336853 0.82237404584884644 0.48331367969512939
vn -0.30018123984336853 0.82237404584884644 0.48331367969512939
vn -0.30018123984336853 0.82237404584884644 0.48331367969512939
vn -0.30018123984336853 0.82237404584884644 0.48331367969512939
vn -0.70710510015487671 -0.0038196144159883261 0.70709812641143799
vn -0.70710510015487671 -0.0038196144159883261 0.70709812641143799
vn -0.70710510015487671 -0.0038196144159883261 0.70709812641143799
vn -0.70710510015487671 -0.0038196144159883261 0.70709812641143799
vn -2.329186600036337E-06 -1 -2.3301604414882604E-06
vn -2.329186600036337E-06 -1 -2.3301604414882604E-06
vn -2.329186600036337E-06 -1 -2.3301604414882604E-06
vn -2.329186600036337E-06 -1 -2.3301604414882604E-06
vn 0.96592080593109131 0.0033011026680469513 -0.25881665945053101
vn 0.96592080593109131 0.0033011026680469513 -0.25881665945053101
vn 0.96592080593109131 0.0033011026680469513 -0.25881665945053101
vn 0.96592080593109131 0.0033011026680469513 -0.25881665945053101
vn 0.56838476657867432 0.82254832983016968 -0.018788367509841919
vn 0.56838476657867432 0.82254832983016968 -0.018788367509841919
vn 0.56838476657867432 0.82254832983016968 -0.018788367509841919
vn 0.56838476657867432 0.82254832983016968 -0.018788367509841919
vn -0.49977812170982361 -0.028981607407331467 -0.86566847562789917
vn -0.49977812170982361 -0.028981607407331467 -0.86566847562789917
vn -0.49977812170982361 -0.028981607407331467 -0.86566847562789917
vn -0.49977812170982361 -0.028981607407331467 -0.86566847562789917
vn -0.49977812170982361 -0.028981607407331467 -0.86566847562789917
vn 0.4994749128818512 0.028983011841773987 0.86584341526031494
vn 0.4994749128818512 0.028983011841773987 0.86584341526031494
vn 0.4994749128818512 0.028983011841773987 0.86584341526031494
vn 0.4994749128818512 0.028983011841773987 0.86584341526031494
vn 0.4994749128818512 0.028983011841773987 0.86584341526031494
f 142/142/142 141/141/141 144/144/144
f 146/146/146 145/145/145 148/148/148
f 150/150/150 149/149/149 152/152/152
f 154/154/154 153/153/153 155/155/155
f 158/158/158 157/157/157 159/159/159
f 163/163/163 165/165/165 164/164/164
f 162/162/162 165/165/165 161/161/161
f 163/163/163 161/161/161 165/165/165
f 167/167/167 169/169/169 170/170/170
f 166/166/166 168/168/168 167/167/167
f 169/169/169 167/167/167 168/168/168
f 141/141/141 143/143/143 144/144/144
f 145/145/145 147/147/147 148/148/148
f 149/149/149 151/151/151 152/152/152
f 154/154/154 155/155/155 156/156/156
f 158/158/158 159/159/159 160/160/160
o object_6
usemtl diffuse_0_0_0_255
v -0.62768295288085951 0.3947926330566407 -0.36144687652587892
v -0.46783004760742197 0.49363929748535162 -0.46646038055419931
v -0.57746829986572268 0.36320922851562504 -0.33253112792968753
v -0.43040363311767582 0.45414813995361336 -0.4291435623168946
v -0.6764088439941407 0.2544945335388184 -0.39007068634033204
v -0.62768295288085951 0.3947926330566407 -0.36144687652587892
v -0.62229610443115246 0.23413497924804691 -0.35886501312255864
v -0.57746829986572268 0.36320922851562504 -0.33253112792968753
v -0.5688252639770508 0.12627257347106935 -0.56814853668212895
v -0.6764088439941407 0.2544945335388184 -0.39007068634033204
v -0.52331924438476562 0.11617076873779297 -0.522696647644043
v -0.62229610443115246 0.23413497924804691 -0.35886501312255864
v -0.39050090789794928 0.25441032409667969 -0.67542366027832035
v -0.5688252639770508 0.12627257347106935 -0.56814853668212895
v -0.35926082611083987 0.23405750274658207 -0.62138977050781252
v -0.52331924438476562 0.11617076873779297 -0.522696647644043
v -0.36253032684326175 0.39459743499755862 -0.62600391387939469
v -0.39050090789794928 0.25441032409667969 -0.67542366027832035
v -0.33352790832519535 0.36302967071533204 -0.57592361450195317
v -0.35926082611083987 0.23405750274658207 -0.62138977050781252
v -0.46783004760742197 0.49363929748535162 -0.46646038055419931
v -0.36253032684326175 0.39459743499755862 -0.62600391387939469
v -0.43040363311767582 0.45414813995361336 -0.4291435623168946
v -0.33352790832519535 0.36302967071533204 -0.57592361450195317
v -0.62768295288085951 0.3947926330566407 -0.36144687652587892
v -0.46783004760742197 0.49363929748535162 -0.46646038055419931
v -0.6764088439941407 0.2544945335388184 -0.39007068634033204
v -0.5688252639770508 0.12627257347106935 -0.56814853668212895
v -0.39050090789794928 0.25441032409667969 -0.67542366027832035
v -0.36253032684326175 0.39459743499755862 -0.62600391387939469
v -0.57746829986572268 0.36320922851562504 -0.33253112792968753
v -0.43040363311767582 0.45414813995361336 -0.4291435623168946
v -0.62229610443115246 0.23413497924804691 -0.35886501312255864
v -0.52331924438476562 0.11617076873779297 -0.522696647644043
v -0.35926082611083987 0.23405750274658207 -0.62138977050781252
v -0.33352790832519535 0.36302967071533204 -0.57592361450195317
vt 0.85943257808685303 0.17825771868228912
vt 0.85943257808685303 0.46897390484809875
vt 0.94899410009384155 0.17825771868228912
vt 0.94899410009384155 0.46897390484809875
vt 0.5783349871635437 0.17825771868228912
vt 0.5783349871635437 0.38352549076080322
vt 0.66789650917053223 0.17825771868228912
vt 0.66789650917053223 0.38352549076080322
vt 0.76958900690078735 0.089094512164592743
vt 0.43791991472244263 0.089094512164592743
vt 0.76958900690078735 0.17679287493228912
vt 0.43791991472244263 0.17679287493228912
vt 0.76958900690078735 0
vt 0.43791991472244263 0
vt 0.76958900690078735 0.087629668414592743
vt 0.43791991472244263 0.087629668414592743
vt 0.43791991472244263 0.17825771868228912
vt 0.43791991472244263 0.38352549076080322
vt 0.52738434076309204 0.17825771868228912
vt 0.52738434076309204 0.38352549076080322
vt 0.71890240907669067 0.17825771868228912
vt 0.71890240907669067 0.46897390484809875
vt 0.80844020843505859 0.17825771868228912
vt 0.80844020843505859 0.46897390484809875
vt 0.86235016584396362 0.94032150506973267
vt 0.57192099094390869 0.91632676124572754
vt 0.99303889274597168 0.78280168771743774
vt 0.87197542190551758 0.47509106993675232
vt 0.54117071628570557 0.47509106993675232
vt 0.44341614842414856 0.65489369630813599
vt 0.0042789839208126068 0.39149609208106995
vt 0.026348233222961426 0.12360312044620514
vt 0.1491582989692688 0.51204389333724976
vt 0.43217611312866211 0.40037450194358826
vt 0.43217611312866211 0.095238931477069855
vt 0.26680207252502441 0.0050697419792413712
vn 0.032550506293773651 0.70257467031478882 0.71086519956588745
vn 0.032550506293773651 0.70257467031478882 0.71086519956588745
vn 0.032550506293773651 0.70257467031478882 0.71086519956588745
vn 0.032550506293773651 0.70257467031478882 0.71086519956588745
vn -0.5003698468208313 -0.0028633621986955404 0.86580705642700195
vn -0.5003698468208313 -0.0028633621986955404 0.86580705642700195
vn -0.5003698468208313 -0.0028633621986955404 0.86580705642700195
vn -0.5003698468208313 -0.0028633621986955404 0.86580705642700195
vn -0.48280417919158936 -0.82253146171569824 0.30056962370872498
vn -0.48280417919158936 -0.82253146171569824 0.30056962370872498
vn -0.48280417919158936 -0.82253146171569824 0.30056962370872498
vn -0.48280417919158936 -0.82253146171569824 0.30056962370872498
vn 0.30018123984336853 -0.82237404584884644 -0.48331367969512939
vn 0.30018123984336853 -0.82237404584884644 -0.48331367969512939
vn 0.30018123984336853 -0.82237404584884644 -0.48331367969512939
vn 0.30018123984336853 -0.82237404584884644 -0.48331367969512939
vn 0.86625343561172485 0.0032827823888510466 -0.49959400296211243
vn 0.86625343561172485 0.0032827823888510466 -0.49959400296211243
vn 0.86625343561172485 0.0032827823888510466 -0.49959400296211243
vn 0.86625343561172485 0.0032827823888510466 -0.49959400296211243
vn 0.71014052629470825 0.70332860946655273 0.032083015888929367
vn 0.71014052629470825 0.70332860946655273 0.032083015888929367
vn 0.71014052629470825 0.70332860946655273 0.032083015888929367
vn 0.71014052629470825 0.70332860946655273 0.032083015888929367
vn -0.65796935558319092 0.3631453812122345 -0.6596982479095459
vn -0.65796935558319092 0.3631453812122345 -0.6596982479095459
vn -0.65796935558319092 0.3631453812122345 -0.6596982479095459
vn -0.65796935558319092 0.3631453812122345 -0.6596982479095459
vn -0.65796935558319092 0.3631453812122345 -0.6596982479095459
vn -0.65796935558319092 0.3631453812122345 -0.6596982479095459
vn 0.65796947479248047 -0.3631453812122345 0.65969812870025635
vn 0.65796947479248047 -0.3631453812122345 0.65969812870025635
vn 0.65796947479248047 -0.3631453812122345 0.65969812870025635
vn 0.65796947479248047 -0.3631453812122345 0.65969812870025635
vn 0.65796947479248047 -0.3631453812122345 0.65969812870025635
vn 0.65796947479248047 -0.3631453812122345 0.65969812870025635
f 172/172/172 171/171/171 173/173/173
f 176/176/176 175/175/175 178/178/178
f 180/180/180 179/179/179 182/182/182
f 184/184/184 183/183/183 185/185/185
f 188/188/188 187/187/187 189/189/189
f 192/192/192 191/191/191 193/193/193
f 197/197/197 196/196/196 200/200/200
f 199/199/199 198/198/198 200/200/200
f 195/195/195 196/196/196 197/197/197
f 198/198/198 197/197/197 200/200/200
f 203/203/203 206/206/206 202/202/202
f 205/205/205 206/206/206 204/204/204
f 201/201/201 203/203/203 202/202/202
f 204/204/204 206/206/206 203/203/203
f 172/172/172 173/173/173 174/174/174
f 175/175/175 177/177/177 178/178/178
f 179/179/179 181/181/181 182/182/182
f 184/184/184 185/185/185 186/186/186
f 188/188/188 189/189/189 190/190/190
f 192/192/192 193/193/193 194/194/194
o object_7
usemtl diffuse_0_0_0_255
v -0.77688247680664069 0.12626520156860352 -0.20789192199707035
v -0.6764088439941407 0.2544945335388184 -0.39007068634033204
v -0.71473190307617196 0.11616397857666017 -0.1912605667114258
v -0.62229610443115246 0.23413497924804691 -0.35886501312255864
v -0.77271499633789065 3.6457146052271129E-06 -0.20705022811889651
v -0.77688247680664069 0.12626520156860352 -0.20789192199707035
v -0.71089775085449225 3.3540575532242662E-06 -0.19048622131347659
v -0.71473190307617196 0.11616397857666017 -0.1912605667114258
v -0.56568012237548826 2.6357133174315099E-06 -0.56568546295166022
v -0.77271499633789065 3.6457146052271129E-06 -0.20705022811889651
v -0.52042572021484379 2.4248563568107786E-06 -0.52043060302734379
v -0.71089775085449225 3.3540575532242662E-06 -0.19048622131347659
v -0.5688252639770508 0.12627257347106935 -0.56814853668212895
v -0.56568012237548826 2.6357133174315099E-06 -0.56568546295166022
v -0.52331924438476562 0.11617076873779297 -0.522696647644043
v -0.52042572021484379 2.4248563568107786E-06 -0.52043060302734379
v -0.6764088439941407 0.2544945335388184 -0.39007068634033204
v -0.5688252639770508 0.12627257347106935 -0.56814853668212895
v -0.62229610443115246 0.23413497924804691 -0.35886501312255864
v -0.52331924438476562 0.11617076873779297 -0.522696647644043
v -0.77688247680664069 0.12626520156860352 -0.20789192199707035
v -0.6764088439941407 0.2544945335388184 -0.39007068634033204
v -0.77271499633789065 3.6457146052271129E-06 -0.20705022811889651
v -0.56568012237548826 2.6357133174315099E-06 -0.56568546295166022
v -0.5688252639770508 0.12627257347106935 -0.56814853668212895
v -0.71473190307617196 0.11616397857666017 -0.1912605667114258
v -0.62229610443115246 0.23413497924804691 -0.35886501312255864
v -0.71089775085449225 3.3540575532242662E-06 -0.19048622131347659
v -0.52042572021484379 2.4248563568107786E-06 -0.52043060302734379
v -0.52331924438476562 0.11617076873779297 -0.522696647644043
vt 0.68998461961746216 0.10427774488925934
vt 0.30209252238273621 0.10427774488925934
vt 0.68998461961746216 0.20709064602851868
vt 0.30209252238273621 0.20709064602851868
vt 0.19904860854148865 0.49992290139198303
vt 0 0.49992290139198303
vt 0.19904860854148865 0.60328882932662964
vt 0 0.60328882932662964
vt 0.20051345229148865 0
vt 0.20051345229148865 0.65725874900817871
vt 0.30062767863273621 0
vt 0.30062767863273621 0.65725874900817871
vt 0.19904860854148865 0
vt 0 0
vt 0.19904860854148865 0.10333407670259476
vt 0 0.10333407670259476
vt 0.68998461961746216 0
vt 0.30209252238273621 0
vt 0.68998461961746216 0.10281290113925934
vt 0.30209252238273621 0.10281290113925934
vt 0.96754378080368042 0.79160565137863159
vt 0.63811540603637695 0.99450820684432983
vt 0.96539789438247681 0.591816246509552
vt 0.30956867337226868 0.591816246509552
vt 0.30868116021156311 0.79161512851715088
vt 0.91564208269119263 0.39600834250450134
vt 0.61190736293792725 0.58262085914611816
vt 0.91366362571716309 0.21225911378860474
vt 0.30898556113243103 0.21225911378860474
vt 0.30816727876663208 0.39601710438728333
vn -0.018506549298763275 0.82237964868545532 0.56863802671432495
vn -0.018506549298763275 0.82237964868545532 0.56863802671432495
vn -0.018506549298763275 0.82237964868545532 0.56863802671432495
vn -0.018506549298763275 0.82237964868545532 0.56863802671432495
vn -0.25882056355476379 -0.0021038393024355173 0.96592313051223755
vn -0.25882056355476379 -0.0021038393024355173 0.96592313051223755
vn -0.25882056355476379 -0.0021038393024355173 0.96592313051223755
vn -0.25882056355476379 -0.0021038393024355173 0.96592313051223755
vn -4.739537416753592E-06 -1 8.0170423188974382E-08
vn -4.739537416753592E-06 -1 8.0170423188974382E-08
vn -4.739537416753592E-06 -1 8.0170423188974382E-08
vn -4.739537416753592E-06 -1 8.0170423188974382E-08
vn 0.70710510015487671 0.0038196144159883261 -0.70709812641143799
vn 0.70710510015487671 0.0038196144159883261 -0.70709812641143799
vn 0.70710510015487671 0.0038196144159883261 -0.70709812641143799
vn 0.70710510015487671 0.0038196144159883261 -0.70709812641143799
vn 0.48280417919158936 0.82253146171569824 -0.30056962370872498
vn 0.48280417919158936 0.82253146171569824 -0.30056962370872498
vn 0.48280417919158936 0.82253146171569824 -0.30056962370872498
vn 0.48280417919158936 0.82253146171569824 -0.30056962370872498
vn -0.86562520265579224 -0.03130866214632988 -0.49971267580986023
vn -0.86562520265579224 -0.03130866214632988 -0.49971267580986023
vn -0.86562520265579224 -0.03130866214632988 -0.49971267580986023
vn -0.86562520265579224 -0.03130866214632988 -0.49971267580986023
vn -0.86562520265579224 -0.03130866214632988 -0.49971267580986023
vn 0.86562526226043701 0.031308684498071671 0.49971255660057068
vn 0.86562526226043701 0.031308684498071671 0.49971255660057068
vn 0.86562526226043701 0.031308684498071671 0.49971255660057068
vn 0.86562526226043701 0.031308684498071671 0.49971255660057068
vn 0.86562526226043701 0.031308684498071671 0.49971255660057068
f 208/208/208 207/207/207 210/210/210
f 212/212/212 211/211/211 214/214/214
f 216/216/216 215/215/215 217/217/217
f 220/220/220 219/219/219 221/221/221
f 224/224/224 223/223/223 225/225/225
f 229/229/229 231/231/231 230/230/230
f 228/228/228 231/231/231 227/227/227
f 229/229/229 227/227/227 231/231/231
f 234/234/234 235/235/235 236/236/236
f 233/233/233 232/232/232 236/236/236
f 234/234/234 236/236/236 232/232/232
f 207/207/207 209/209/209 210/210/210
f 211/211/211 213/213/213 214/214/214
f 216/216/216 217/217/217 218/218/218
f 220/220/220 221/221/221 222/222/222
f 224/224/224 225/225/225 226/226/226
o object_8
usemtl diffuse_0_0_0_255
v -0.7248593902587892 0.39492786407470709 0.00014103907160460951
v -0.63915843963623054 0.49399696350097666 -0.17071598052978518
v -0.66687065124511724 0.36333362579345707 0.00012975594960153104
v -0.58802577972412118 0.4544771957397461 -0.15705869674682618
v -0.78120826721191416 0.25456443786621097 6.8179364316165464E-05
v -0.7248593902587892 0.39492786407470709 0.00014103907160460951
v -0.71871162414550793 0.23419927597045898 6.2725013121962562E-05
v -0.66687065124511724 0.36333362579345707 0.00012975594960153104
v -0.77688247680664069 0.12626520156860352 -0.20789192199707035
v -0.78120826721191416 0.25456443786621097 6.8179364316165464E-05
v -0.71473190307617196 0.11616397857666017 -0.1912605667114258
v -0.71871162414550793 0.23419927597045898 6.2725013121962562E-05
v -0.6764088439941407 0.2544945335388184 -0.39007068634033204
v -0.77688247680664069 0.12626520156860352 -0.20789192199707035
v -0.62229610443115246 0.23413497924804691 -0.35886501312255864
v -0.71473190307617196 0.11616397857666017 -0.1912605667114258
v -0.62768295288085951 0.3947926330566407 -0.36144687652587892
v -0.6764088439941407 0.2544945335388184 -0.39007068634033204
v -0.57746829986572268 0.36320922851562504 -0.33253112792968753
v -0.62229610443115246 0.23413497924804691 -0.35886501312255864
v -0.63915843963623054 0.49399696350097666 -0.17071598052978518
v -0.62768295288085951 0.3947926330566407 -0.36144687652587892
v -0.58802577972412118 0.4544771957397461 -0.15705869674682618
v -0.57746829986572268 0.36320922851562504 -0.33253112792968753
v -0.7248593902587892 0.39492786407470709 0.00014103907160460951
v -0.63915843963623054 0.49399696350097666 -0.17071598052978518
v -0.78120826721191416 0.25456443786621097 6.8179364316165464E-05
v -0.77688247680664069 0.12626520156860352 -0.20789192199707035
v -0.6764088439941407 0.2544945335388184 -0.39007068634033204
v -0.62768295288085951 0.3947926330566407 -0.36144687652587892
v -0.66687065124511724 0.36333362579345707 0.00012975594960153104
v -0.58802577972412118 0.4544771957397461 -0.15705869674682618
v -0.71871162414550793 0.23419927597045898 6.2725013121962562E-05
v -0.71473190307617196 0.11616397857666017 -0.1912605667114258
v -0.62229610443115246 0.23413497924804691 -0.35886501312255864
v -0.57746829986572268 0.36320922851562504 -0.33253112792968753
vt 0.71877270936965942 0.1783791184425354
vt 0.71877270936965942 0.4691125750541687
vt 0.80841910839080811 0.1783791184425354
vt 0.80841910839080811 0.4691125750541687
vt 0.57819116115570068 0.1783791184425354
vt 0.57819116115570068 0.38365903496742249
vt 0.66781705617904663 0.1783791184425354
vt 0.66781705617904663 0.38365903496742249
vt 0.76939100027084351 0.089168481528759003
vt 0.43770229816436768 0.089168481528759003
vt 0.76939100027084351 0.1769142746925354
vt 0.43770229816436768 0.1769142746925354
vt 0.76939100027084351 0
vt 0.43770229816436768 0
vt 0.76939100027084351 0.087703637778759003
vt 0.43770229816436768 0.087703637778759003
vt 0.43770229816436768 0.1783791184425354
vt 0.43770229816436768 0.38365903496742249
vt 0.52726912498474121 0.1783791184425354
vt 0.52726912498474121 0.38365903496742249
vt 0.85938632488250732 0.1783791184425354
vt 0.85938632488250732 0.4691125750541687
vt 0.94903272390365601 0.1783791184425354
vt 0.94903272390365601 0.4691125750541687
vt 0.86205685138702393 0.94022595882415771
vt 0.57158935070037842 0.91648381948471069
vt 0.99303680658340454 0.78293228149414062
vt 0.87190628051757812 0.47522741556167603
vt 0.54108160734176636 0.47522741556167603
vt 0.44320064783096313 0.65497493743896484
vt 0.0042768507264554501 0.39142590761184692
vt 0.026113767176866531 0.12349783629179001
vt 0.14894814789295197 0.51224219799041748
vt 0.43196061253547668 0.40051102638244629
vt 0.43196061253547668 0.095357410609722137
vt 0.26663732528686523 0.0050717047415673733
vn 0.38298845291137695 0.70273107290267944 0.59957391023635864
vn 0.38298845291137695 0.70273107290267944 0.59957391023635864
vn 0.38298845291137695 0.70273107290267944 0.59957391023635864
vn 0.38298845291137695 0.70273107290267944 0.59957391023635864
vn -7.2401562647428364E-05 -0.00049001339357346296 0.99999988079071045
vn -7.2401562647428364E-05 -0.00049001339357346296 0.99999988079071045
vn -7.2401562647428364E-05 -0.00049001339357346296 0.99999988079071045
vn -7.2401562647428364E-05 -0.00049001339357346296 0.99999988079071045
vn -0.26795187592506409 -0.8224254846572876 0.50181484222412109
vn -0.26795187592506409 -0.8224254846572876 0.50181484222412109
vn -0.26795187592506409 -0.8224254846572876 0.50181484222412109
vn -0.26795187592506409 -0.8224254846572876 0.50181484222412109
vn 0.018506549298763275 -0.82237964868545532 -0.56863802671432495
vn 0.018506549298763275 -0.82237964868545532 -0.56863802671432495
vn 0.018506549298763275 -0.82237964868545532 -0.56863802671432495
vn 0.018506549298763275 -0.82237964868545532 -0.56863802671432495
vn 0.5003698468208313 0.0028633621986955404 -0.86580705642700195
vn 0.5003698468208313 0.0028633621986955404 -0.86580705642700195
vn 0.5003698468208313 0.0028633621986955404 -0.86580705642700195
vn 0.5003698468208313 0.0028633621986955404 -0.86580705642700195
vn 0.63099640607833862 0.70314717292785645 -0.3277614414691925
vn 0.63099640607833862 0.70314717292785645 -0.3277614414691925
vn 0.63099640607833862 0.70314717292785645 -0.3277614414691925
vn 0.63099640607833862 0.70314717292785645 -0.3277614414691925
vn -0.90039438009262085 0.36144596338272095 -0.24217091500759125
vn -0.90039438009262085 0.36144596338272095 -0.24217091500759125
vn -0.90039438009262085 0.36144596338272095 -0.24217091500759125
vn -0.90039438009262085 0.36144596338272095 -0.24217091500759125
vn -0.90039438009262085 0.36144596338272095 -0.24217091500759125
vn -0.90039438009262085 0.36144596338272095 -0.24217091500759125
vn 0.90039438009262085 -0.36144593358039856 0.24217100441455841
vn 0.90039438009262085 -0.36144593358039856 0.24217100441455841
vn 0.90039438009262085 -0.36144593358039856 0.24217100441455841
vn 0.90039438009262085 -0.36144593358039856 0.24217100441455841
vn 0.90039438009262085 -0.36144593358039856 0.24217100441455841
vn 0.90039438009262085 -0.36144593358039856 0.24217100441455841
f 238/238/238 237/237/237 240/240/240
f 242/242/242 241/241/241 244/244/244
f 246/246/246 245/245/245 248/248/248
f 250/250/250 249/249/249 251/251/251
f 254/254/254 253/253/253 255/255/255
f 258/258/258 257/257/257 259/259/259
f 263/263/263 262/262/262 266/266/266
f 265/265/265 264/264/264 266/266/266
f 261/261/261 262/262/262 263/263/263
f 264/264/264 263/263/263 266/266/266
f 269/269/269 272/272/272 268/268/268
f 271/271/271 272/272/272 270/270/270
f 267/267/267 269/269/269 268/268/268
f 270/270/270 272/272/272 269/269/269
f 237/237/237 239/239/239 240/240/240
f 241/241/241 243/243/243 244/244/244
f 245/245/245 247/247/247 248/248/248
f 250/250/250 251/251/251 252/252/252
f 254/254/254 255/255/255 256/256/256
f 258/258/258 259/259/259 260/260/260
o object_9
usemtl diffuse_0_0_0_255
v -0.20705249786376956 2.6200432330369949E-06 0.77272407531738285
v -0.2085352897644043 0.12627933502197267 0.77619522094726578
v -0.19048830032348635 2.4104399199131882E-06 0.71090614318847667
v -0.19185247421264651 0.11617698669433595 0.71409957885742203
v 0.20705213546752932 2.131900109816343E-06 0.77272384643554703
v -0.20705249786376956 2.6200432330369949E-06 0.77272407531738285
v 0.19048797607421877 1.9613481708802288E-06 0.71090591430664074
v -0.19048830032348635 2.4104399199131882E-06 0.71090614318847667
v 0.20766473770141602 0.12628617286682128 0.77619117736816412
v 0.20705213546752932 2.131900109816343E-06 0.77272384643554703
v 0.1910515594482422 0.11618328094482422 0.71409584045410168
v 0.19048797607421877 1.9613481708802288E-06 0.71090591430664074
v -0.00043735142797231676 0.25437898635864259 0.77973571777343764
v 0.20766473770141602 0.12628617286682128 0.77619117736816412
v -0.00040236331522464758 0.2340286636352539 0.71735687255859382
v 0.1910515594482422 0.11618328094482422 0.71409584045410168
v -0.2085352897644043 0.12627933502197267 0.77619522094726578
v -0.00043735142797231676 0.25437898635864259 0.77973571777343764
v -0.19185247421264651 0.11617698669433595 0.71409957885742203
v -0.00040236331522464758 0.2340286636352539 0.71735687255859382
v -0.20705249786376956 2.6200432330369949E-06 0.77272407531738285
v -0.2085352897644043 0.12627933502197267 0.77619522094726578
v 0.20705213546752932 2.131900109816343E-06 0.77272384643554703
v 0.20766473770141602 0.12628617286682128 0.77619117736816412
v -0.00043735142797231676 0.25437898635864259 0.77973571777343764
v -0.19048830032348635 2.4104399199131882E-06 0.71090614318847667
v -0.19185247421264651 0.11617698669433595 0.71409957885742203
v 0.19048797607421877 1.9613481708802288E-06 0.71090591430664074
v 0.1910515594482422 0.11618328094482422 0.71409584045410168
v -0.00040236331522464758 0.2340286636352539 0.71735687255859382
vt 0.19919456541538239 0.49993070960044861
vt 0 0.49993070960044861
vt 0.19919456541538239 0.6033097505569458
vt 0 0.6033097505569458
vt 0.20065940916538239 0
vt 0.20065940916538239 0.65773719549179077
vt 0.3008459210395813 0
vt 0.3008459210395813 0.65773719549179077
vt 0.19919456541538239 0
vt 0 0
vt 0.19919456541538239 0.10335040092468262
vt 0 0.10335040092468262
vt 0.69048523902893066 0.10421780496835709
vt 0.3023107647895813 0.10421780496835709
vt 0.69048523902893066 0.20697076618671417
vt 0.3023107647895813 0.20697076618671417
vt 0.69048523902893066 0
vt 0.3023107647895813 0
vt 0.69048523902893066 0.10275296121835709
vt 0.3023107647895813 0.10275296121835709
vt 0.31125715374946594 0.9945068359375
vt 0.30890706181526184 0.79457420110702515
vt 0.96756547689437866 0.99450761079788208
vt 0.96853631734848022 0.79456353187561035
vt 0.63871842622756958 0.59175443649291992
vt 0.31055936217308044 0.58255714178085327
vt 0.30839258432388306 0.39867612719535828
vt 0.91567760705947876 0.58255785703659058
vt 0.9165726900100708 0.39866632223129272
vt 0.61247962713241577 0.2121398001909256
vn -0.96591669321060181 -0.0042277127504348755 -0.25881856679916382
vn -0.96591669321060181 -0.0042277127504348755 -0.25881856679916382
vn -0.96591669321060181 -0.0042277127504348755 -0.25881856679916382
vn -0.96591669321060181 -0.0042277127504348755 -0.25881856679916382
vn -1.178790057565493E-06 -1 3.0747971777600469E-06
vn -1.178790057565493E-06 -1 3.0747971777600469E-06
vn -1.178790057565493E-06 -1 3.0747971777600469E-06
vn -1.178790057565493E-06 -1 3.0747971777600469E-06
vn 0.96592259407043457 0.0024206556845456362 -0.25881972908973694
vn 0.96592259407043457 0.0024206556845456362 -0.25881972908973694
vn 0.96592259407043457 0.0024206556845456362 -0.25881972908973694
vn 0.96592259407043457 0.0024206556845456362 -0.25881972908973694
vn 0.50169020891189575 0.82247281074523926 -0.26803997159004211
vn 0.50169020891189575 0.82247281074523926 -0.26803997159004211
vn 0.50169020891189575 0.82247281074523926 -0.26803997159004211
vn 0.50169020891189575 0.82247281074523926 -0.26803997159004211
vn -0.50163882970809937 0.82233518362045288 -0.26855787634849548
vn -0.50163882970809937 0.82233518362045288 -0.26855787634849548
vn -0.50163882970809937 0.82233518362045288 -0.26855787634849548
vn -0.50163882970809937 0.82233518362045288 -0.26855787634849548
vn -9.1765832621604204E-05 -0.027479106560349464 0.99962234497070312
vn -9.1765832621604204E-05 -0.027479106560349464 0.99962234497070312
vn -9.1765832621604204E-05 -0.027479106560349464 0.99962234497070312
vn -9.1765832621604204E-05 -0.027479106560349464 0.99962234497070312
vn -9.1765832621604204E-05 -0.027479106560349464 0.99962234497070312
vn -1.0211289009021129E-05 0.027477746829390526 -0.9996224045753479
vn -1.0211289009021129E-05 0.027477746829390526 -0.9996224045753479
vn -1.0211289009021129E-05 0.027477746829390526 -0.9996224045753479
vn -1.0211289009021129E-05 0.027477746829390526 -0.9996224045753479
vn -1.0211289009021129E-05 0.027477746829390526 -0.9996224045753479
f 274/274/274 276/276/276 273/273/273
f 278/278/278 280/280/280 277/277/277
f 282/282/282 284/284/284 283/283/283
f 286/286/286 288/288/288 287/287/287
f 290/290/290 292/292/292 289/289/289
f 297/297/297 294/294/294 293/293/293
f 295/295/295 296/296/296 297/297/297
f 293/293/293 295/295/295 297/297/297
f 301/301/301 298/298/298 299/299/299
f 298/298/298 301/301/301 300/300/300
f 302/302/302 301/301/301 299/299/299
f 276/276/276 275/275/275 273/273/273
f 280/280/280 279/279/279 277/277/277
f 282/282/282 283/283/283 281/281/281
f 286/286/286 287/287/287 285/285/285
f 292/292/292 291/291/291 289/289/289
o object_10
usemtl diffuse_0_0_0_255
v -0.77691604614257814 0.12626383781433106 0.20802814483642582
v -0.78120826721191416 0.25456443786621097 6.8179364316165464E-05
v -0.71476280212402354 0.11616272926330568 0.19138589859008792
v -0.71871162414550793 0.23419927597045898 6.2725013121962562E-05
v -0.7727310943603517 3.8088005385361616E-06 0.20705440521240237
v -0.77691604614257814 0.12626383781433106 0.20802814483642582
v -0.71091262817382816 3.5040965303778656E-06 0.19049005508422853
v -0.71476280212402354 0.11616272926330568 0.19138589859008792
v -0.77271499633789065 3.6457146052271129E-06 -0.20705022811889651
v -0.7727310943603517 3.8088005385361616E-06 0.20705440521240237
v -0.71089775085449225 3.3540575532242662E-06 -0.19048622131347659
v -0.71091262817382816 3.5040965303778656E-06 0.19049005508422853
v -0.77688247680664069 0.12626520156860352 -0.20789192199707035
v -0.77271499633789065 3.6457146052271129E-06 -0.20705022811889651
v -0.71473190307617196 0.11616397857666017 -0.1912605667114258
v -0.71089775085449225 3.3540575532242662E-06 -0.19048622131347659
v -0.78120826721191416 0.25456443786621097 6.8179364316165464E-05
v -0.77688247680664069 0.12626520156860352 -0.20789192199707035
v -0.71871162414550793 0.23419927597045898 6.2725013121962562E-05
v -0.71473190307617196 0.11616397857666017 -0.1912605667114258
v -0.77691604614257814 0.12626383781433106 0.20802814483642582
v -0.78120826721191416 0.25456443786621097 6.8179364316165464E-05
v -0.7727310943603517 3.8088005385361616E-06 0.20705440521240237
v -0.77271499633789065 3.6457146052271129E-06 -0.20705022811889651
v -0.77688247680664069 0.12626520156860352 -0.20789192199707035
v -0.71476280212402354 0.11616272926330568 0.19138589859008792
v -0.71871162414550793 0.23419927597045898 6.2725013121962562E-05
v -0.71091262817382816 3.5040965303778656E-06 0.19049005508422853
v -0.71089775085449225 3.3540575532242662E-06 -0.19048622131347659
v -0.71473190307617196 0.11616397857666017 -0.1912605667114258
vt 0.68973952531814575 0
vt 0.30198478698730469 0
vt 0.68973952531814575 0.10282524675130844
vt 0.30198478698730469 0.10282524675130844
vt 0.19897757470607758 0.49997952580451965
vt 0 0.49997952580451965
vt 0.19897757470607758 0.60331732034683228
vt 0 0.60331732034683228
vt 0.20044241845607758 0
vt 0.20044241845607758 0.65702593326568604
vt 0.30051994323730469 0
vt 0.30051994323730469 0.65702593326568604
vt 0.19897757470607758 0
vt 0 0
vt 0.19897757470607758 0.10332933068275452
vt 0 0.10332933068275452
vt 0.68973952531814575 0.10429009050130844
vt 0.30198478698730469 0.10429009050130844
vt 0.68973952531814575 0.20711533725261688
vt 0.30198478698730469 0.20711533725261688
vt 0.30856949090957642 0.79478311538696289
vt 0.63780444860458374 0.59182900190353394
vt 0.31011107563972473 0.99450725317001343
vt 0.96570712327957153 0.99450832605361938
vt 0.96703964471817017 0.79478269815444946
vt 0.30805590748786926 0.39894357323646545
vt 0.61161273717880249 0.21228368580341339
vt 0.30947726964950562 0.58263283967971802
vt 0.9139411449432373 0.5826338529586792
vt 0.91516971588134766 0.3989432156085968
vn 0.26802679896354675 0.82238674163818359 0.5018383264541626
vn 0.26802679896354675 0.82238674163818359 0.5018383264541626
vn 0.26802679896354675 0.82238674163818359 0.5018383264541626
vn 0.26802679896354675 0.82238674163818359 0.5018383264541626
vn 0.25882098078727722 0.0011293764691799879 0.96592462062835693
vn 0.25882098078727722 0.0011293764691799879 0.96592462062835693
vn 0.25882098078727722 0.0011293764691799879 0.96592462062835693
vn 0.25882098078727722 0.0011293764691799879 0.96592462062835693
vn -4.823532890441129E-06 -1 3.9363982295981259E-07
vn -4.823532890441129E-06 -1 3.9363982295981259E-07
vn -4.823532890441129E-06 -1 3.9363982295981259E-07
vn -4.823532890441129E-06 -1 3.9363982295981259E-07
vn 0.25882056355476379 0.0021038393024355173 -0.96592313051223755
vn 0.25882056355476379 0.0021038393024355173 -0.96592313051223755
vn 0.25882056355476379 0.0021038393024355173 -0.96592313051223755
vn 0.25882056355476379 0.0021038393024355173 -0.96592313051223755
vn 0.26795187592506409 0.8224254846572876 -0.50181484222412109
vn 0.26795187592506409 0.8224254846572876 -0.50181484222412109
vn 0.26795187592506409 0.8224254846572876 -0.50181484222412109
vn 0.26795187592506409 0.8224254846572876 -0.50181484222412109
vn -0.9994511604309082 -0.03312668576836586 -8.0775345850270241E-05
vn -0.9994511604309082 -0.03312668576836586 -8.0775345850270241E-05
vn -0.9994511604309082 -0.03312668576836586 -8.0775345850270241E-05
vn -0.9994511604309082 -0.03312668576836586 -8.0775345850270241E-05
vn -0.9994511604309082 -0.03312668576836586 -8.0775345850270241E-05
vn 0.9994511604309082 0.033126842230558395 8.0814737884793431E-05
vn 0.9994511604309082 0.033126842230558395 8.0814737884793431E-05
vn 0.9994511604309082 0.033126842230558395 8.0814737884793431E-05
vn 0.9994511604309082 0.033126842230558395 8.0814737884793431E-05
vn 0.9994511604309082 0.033126842230558395 8.0814737884793431E-05
f 304/304/304 303/303/303 306/306/306
f 308/308/308 307/307/307 310/310/310
f 312/312/312 311/311/311 314/314/314
f 316/316/316 315/315/315 317/317/317
f 320/320/320 319/319/319 321/321/321
f 327/327/327 325/325/325 323/323/323
f 325/325/325 327/327/327 326/326/326
f 324/324/324 327/327/327 323/323/323
f 332/332/332 328/328/328 330/330/330
f 330/330/330 331/331/331 332/332/332
f 329/329/329 328/328/328 332/332/332
f 303/303/303 305/305/305 306/306/306
f 307/307/307 309/309/309 310/310/310
f 311/311/311 313/313/313 314/314/314
f 316/316/316 317/317/317 318/318/318
f 320/320/320 321/321/321 322/322/322
o object_11
usemtl diffuse_0_0_0_255
v -0.62786071777343766 0.39487888336181642 0.36170509338378909
v -0.6392575836181642 0.49410884857177745 0.17098283767700195
v -0.5776318740844727 0.36328857421875005 0.33276866912841802
v -0.58811698913574229 0.45458015441894539 0.15730421066284184
v -0.67655387878417983 0.25454904556274416 0.39022899627685548
v -0.62786071777343766 0.39487888336181642 0.36170509338378909
v -0.62242958068847665 0.23418512344360354 0.35901065826416018
v -0.5776318740844727 0.36328857421875005 0.33276866912841802
v -0.77691604614257814 0.12626383781433106 0.20802814483642582
v -0.67655387878417983 0.25454904556274416 0.39022899627685548
v -0.71476280212402354 0.11616272926330568 0.19138589859008792
v -0.62242958068847665 0.23418512344360354 0.35901065826416018
v -0.78120826721191416 0.25456443786621097 6.8179364316165464E-05
v -0.77691604614257814 0.12626383781433106 0.20802814483642582
v -0.71871162414550793 0.23419927597045898 6.2725013121962562E-05
v -0.71476280212402354 0.11616272926330568 0.19138589859008792
v -0.7248593902587892 0.39492786407470709 0.00014103907160460951
v -0.78120826721191416 0.25456443786621097 6.8179364316165464E-05
v -0.66687065124511724 0.36333362579345707 0.00012975594960153104
v -0.71871162414550793 0.23419927597045898 6.2725013121962562E-05
v -0.6392575836181642 0.49410884857177745 0.17098283767700195
v -0.7248593902587892 0.39492786407470709 0.00014103907160460951
v -0.58811698913574229 0.45458015441894539 0.15730421066284184
v -0.66687065124511724 0.36333362579345707 0.00012975594960153104
v -0.62786071777343766 0.39487888336181642 0.36170509338378909
v -0.6392575836181642 0.49410884857177745 0.17098283767700195
v -0.67655387878417983 0.25454904556274416 0.39022899627685548
v -0.77691604614257814 0.12626383781433106 0.20802814483642582
v -0.78120826721191416 0.25456443786621097 6.8179364316165464E-05
v -0.7248593902587892 0.39492786407470709 0.00014103907160460951
v -0.5776318740844727 0.36328857421875005 0.33276866912841802
v -0.58811698913574229 0.45458015441894539 0.15730421066284184
v -0.62242958068847665 0.23418512344360354 0.35901065826416018
v -0.71476280212402354 0.11616272926330568 0.19138589859008792
v -0.71871162414550793 0.23419927597045898 6.2725013121962562E-05
v -0.66687065124511724 0.36333362579345707 0.00012975594960153104
vt 0.7185778021812439 0.17838741838932037
vt 0.7185778021812439 0.469096839427948
vt 0.80823838710784912 0.17838741838932037
vt 0.80823838710784912 0.469096839427948
vt 0.43733099102973938 0.17838741838932037
vt 0.43733099102973938 0.38365045189857483
vt 0.52692192792892456 0.17838741838932037
vt 0.52692192792892456 0.38365045189857483
vt 0.76899242401123047 0
vt 0.43733099102973938 0
vt 0.76899242401123047 0.087719269096851349
vt 0.43733099102973938 0.087719269096851349
vt 0.76899242401123047 0.089184112846851349
vt 0.43733099102973938 0.089184112846851349
vt 0.76899242401123047 0.17692257463932037
vt 0.43733099102973938 0.17692257463932037
vt 0.57793271541595459 0.17838741838932037
vt 0.57793271541595459 0.38365045189857483
vt 0.66755127906799316 0.17838741838932037
vt 0.66755127906799316 0.38365045189857483
vt 0.85928887128829956 0.17838741838932037
vt 0.85928887128829956 0.469096839427948
vt 0.94894951581954956 0.17838741838932037
vt 0.94894951581954956 0.469096839427948
vt 0.86161947250366211 0.93981057405471802
vt 0.57116425037384033 0.916206955909729
vt 0.99303311109542847 0.78290092945098877
vt 0.87194907665252686 0.47520771622657776
vt 0.54115110635757446 0.47520771622657776
vt 0.44283300638198853 0.65469717979431152
vt 0.0042732101865112782 0.39136430621147156
vt 0.02598271332681179 0.12344799935817719
vt 0.1485912948846817 0.51258039474487305
vt 0.43159294128417969 0.40089231729507446
vt 0.43159294128417969 0.095763787627220154
vt 0.26650705933570862 0.0050750537775456905
vn 0.63107770681381226 0.70295155048370361 0.32802441716194153
vn 0.63107770681381226 0.70295155048370361 0.32802441716194153
vn 0.63107770681381226 0.70295155048370361 0.32802441716194153
vn 0.63107770681381226 0.70295155048370361 0.32802441716194153
vn 0.50030940771102905 0.0023914410267025232 0.86584341526031494
vn 0.50030940771102905 0.0023914410267025232 0.86584341526031494
vn 0.50030940771102905 0.0023914410267025232 0.86584341526031494
vn 0.50030940771102905 0.0023914410267025232 0.86584341526031494
vn 0.018638040870428085 -0.82232081890106201 0.56871879100799561
vn 0.018638040870428085 -0.82232081890106201 0.56871879100799561
vn 0.018638040870428085 -0.82232081890106201 0.56871879100799561
vn 0.018638040870428085 -0.82232081890106201 0.56871879100799561
vn -0.26802679896354675 -0.82238674163818359 -0.5018383264541626
vn -0.26802679896354675 -0.82238674163818359 -0.5018383264541626
vn -0.26802679896354675 -0.82238674163818359 -0.5018383264541626
vn -0.26802679896354675 -0.82238674163818359 -0.5018383264541626
vn 7.2401562647428364E-05 0.00049001339357346296 -0.99999988079071045
vn 7.2401562647428364E-05 0.00049001339357346296 -0.99999988079071045
vn 7.2401562647428364E-05 0.00049001339357346296 -0.99999988079071045
vn 7.2401562647428364E-05 0.00049001339357346296 -0.99999988079071045
vn 0.38274914026260376 0.70272040367126465 -0.5997391939163208
vn 0.38274914026260376 0.70272040367126465 -0.5997391939163208
vn 0.38274914026260376 0.70272040367126465 -0.5997391939163208
vn 0.38274914026260376 0.70272040367126465 -0.5997391939163208
vn -0.90063434839248657 0.36127236485481262 0.24153678119182587
vn -0.90063434839248657 0.36127236485481262 0.24153678119182587
vn -0.90063434839248657 0.36127236485481262 0.24153678119182587
vn -0.90063434839248657 0.36127236485481262 0.24153678119182587
vn -0.90063434839248657 0.36127236485481262 0.24153678119182587
vn -0.90063434839248657 0.36127236485481262 0.24153678119182587
vn 0.90063440799713135 -0.36127233505249023 -0.24153678119182587
vn 0.90063440799713135 -0.36127233505249023 -0.24153678119182587
vn 0.90063440799713135 -0.36127233505249023 -0.24153678119182587
vn 0.90063440799713135 -0.36127233505249023 -0.24153678119182587
vn 0.90063440799713135 -0.36127233505249023 -0.24153678119182587
vn 0.90063440799713135 -0.36127233505249023 -0.24153678119182587
f 334/334/334 333/333/333 336/336/336
f 338/338/338 337/337/337 340/340/340
f 342/342/342 341/341/341 344/344/344
f 346/346/346 345/345/345 347/347/347
f 350/350/350 349/349/349 351/351/351
f 354/354/354 353/353/353 355/355/355
f 359/359/359 358/358/358 362/362/362
f 361/361/361 360/360/360 362/362/362
f 357/357/357 358/358/358 359/359/359
f 360/360/360 359/359/359 362/362/362
f 365/365/365 368/368/368 364/364/364
f 367/367/367 368/368/368 366/366/366
f 363/363/363 365/365/365 364/364/364
f 366/366/366 368/368/368 365/365/365
f 333/333/333 335/335/335 336/336/336
f 337/337/337 339/339/339 340/340/340
f 341/341/341 343/343/343 344/344/344
f 346/346/346 347/347/347 348/348/348
f 350/350/350 351/351/351 352/352/352
f 354/354/354 355/355/355 356/356/356
o object_12
usemtl diffuse_0_0_0_255
v -0.00089695423841476454 0.39449226379394536 0.72276947021484383
v 0.16993394851684573 0.49332027435302739 0.63673877716064453
v -0.00082519784569740301 0.36293289184570315 0.66494789123535158
v 0.15633923530578617 0.4538546752929688 0.58579967498779306
v -0.00043735142797231676 0.25437898635864259 0.77973571777343764
v -0.00089695423841476454 0.39449226379394536 0.72276947021484383
v -0.00040236331522464758 0.2340286636352539 0.71735687255859382
v -0.00082519784569740301 0.36293289184570315 0.66494789123535158
v 0.20766473770141602 0.12628617286682128 0.77619117736816412
v -0.00043735142797231676 0.25437898635864259 0.77973571777343764
v 0.1910515594482422 0.11618328094482422 0.71409584045410168
v -0.00040236331522464758 0.2340286636352539 0.71735687255859382
v 0.3896047973632813 0.25441032409667969 0.67515235900878912
v 0.20766473770141602 0.12628617286682128 0.77619117736816412
v 0.35843639373779301 0.23405748367309573 0.62114017486572282
v 0.1910515594482422 0.11618328094482422 0.71409584045410168
v 0.36088481903076175 0.39447692871093754 0.625820770263672
v 0.3896047973632813 0.25441032409667969 0.67515235900878912
v 0.33201404571533205 0.36291877746582035 0.57575508117675789
v 0.35843639373779301 0.23405748367309573 0.62114017486572282
v 0.16993394851684573 0.49332027435302739 0.63673877716064453
v 0.36088481903076175 0.39447692871093754 0.625820770263672
v 0.15633923530578617 0.4538546752929688 0.58579967498779306
v 0.33201404571533205 0.36291877746582035 0.57575508117675789
v -0.00089695423841476454 0.39449226379394536 0.72276947021484383
v 0.16993394851684573 0.49332027435302739 0.63673877716064453
v -0.00043735142797231676 0.25437898635864259 0.77973571777343764
v 0.20766473770141602 0.12628617286682128 0.77619117736816412
v 0.3896047973632813 0.25441032409667969 0.67515235900878912
v 0.36088481903076175 0.39447692871093754 0.625820770263672
v -0.00082519784569740301 0.36293289184570315 0.66494789123535158
v 0.15633923530578617 0.4538546752929688 0.58579967498779306
v -0.00040236331522464758 0.2340286636352539 0.71735687255859382
v 0.1910515594482422 0.11618328094482422 0.71409584045410168
v 0.35843639373779301 0.23405748367309573 0.62114017486572282
v 0.33201404571533205 0.36291877746582035 0.57575508117675789
vt 0.85945117473602295 0.17806889116764069
vt 0.85945117473602295 0.46878138184547424
vt 0.94884884357452393 0.17806889116764069
vt 0.94884884357452393 0.46878138184547424
vt 0.57838886976242065 0.17806889116764069
vt 0.57838886976242065 0.38333407044410706
vt 0.66778653860092163 0.17806889116764069
vt 0.66778653860092163 0.38333407044410706
vt 0.76955872774124146 0.08902287483215332
vt 0.43789383769035339 0.08902287483215332
vt 0.76955872774124146 0.17660404741764069
vt 0.43789383769035339 0.17660404741764069
vt 0.76955872774124146 0
vt 0.43789383769035339 0
vt 0.76955872774124146 0.08755803108215332
vt 0.43789383769035339 0.08755803108215332
vt 0.43789383769035339 0.17806889116764069
vt 0.43789383769035339 0.38333407044410706
vt 0.52725732326507568 0.17806889116764069
vt 0.52725732326507568 0.38333407044410706
vt 0.71893775463104248 0.17806889116764069
vt 0.71893775463104248 0.46878138184547424
vt 0.80831289291381836 0.17806889116764069
vt 0.80831289291381836 0.46878138184547424
vt 0.86219531297683716 0.94010090827941895
vt 0.5717771053314209 0.91601836681365967
vt 0.99303865432739258 0.78271269798278809
vt 0.87225121259689331 0.47489824891090393
vt 0.5414506196975708 0.47489824891090393
vt 0.44339030981063843 0.65453153848648071
vt 0.0042787282727658749 0.39137727022171021
vt 0.026428703218698502 0.12349443137645721
vt 0.14903698861598969 0.51206767559051514
vt 0.43215027451515198 0.40065285563468933
vt 0.43215027451515198 0.095521159470081329
vt 0.26693201065063477 0.0050699771381914616
vn -0.59959232807159424 0.70216774940490723 -0.383991539478302
vn -0.59959232807159424 0.70216774940490723 -0.383991539478302
vn -0.59959232807159424 0.70216774940490723 -0.383991539478302
vn -0.59959232807159424 0.70216774940490723 -0.383991539478302
vn -0.99999511241912842 -0.0030974126420915127 0.00044959707884117961
vn -0.99999511241912842 -0.0030974126420915127 0.00044959707884117961
vn -0.99999511241912842 -0.0030974126420915127 0.00044959707884117961
vn -0.99999511241912842 -0.0030974126420915127 0.00044959707884117961
vn -0.50169020891189575 -0.82247281074523926 0.26803997159004211
vn -0.50169020891189575 -0.82247281074523926 0.26803997159004211
vn -0.50169020891189575 -0.82247281074523926 0.26803997159004211
vn -0.50169020891189575 -0.82247281074523926 0.26803997159004211
vn 0.56882095336914062 -0.82225543260574341 -0.018403409048914909
vn 0.56882095336914062 -0.82225543260574341 -0.018403409048914909
vn 0.56882095336914062 -0.82225543260574341 -0.018403409048914909
vn 0.56882095336914062 -0.82225543260574341 -0.018403409048914909
vn 0.86590772867202759 0.0013784616021439433 -0.50020188093185425
vn 0.86590772867202759 0.0013784616021439433 -0.50020188093185425
vn 0.86590772867202759 0.0013784616021439433 -0.50020188093185425
vn 0.86590772867202759 0.0013784616021439433 -0.50020188093185425
vn 0.32755628228187561 0.70257174968719482 -0.63174349069595337
vn 0.32755628228187561 0.70257174968719482 -0.63174349069595337
vn 0.32755628228187561 0.70257174968719482 -0.63174349069595337
vn 0.32755628228187561 0.70257174968719482 -0.63174349069595337
vn 0.24091838300228119 0.3661358654499054 0.89883416891098022
vn 0.24091838300228119 0.3661358654499054 0.89883416891098022
vn 0.24091838300228119 0.3661358654499054 0.89883416891098022
vn 0.24091838300228119 0.3661358654499054 0.89883416891098022
vn 0.24091838300228119 0.3661358654499054 0.89883416891098022
vn 0.24091838300228119 0.3661358654499054 0.89883416891098022
vn -0.24091850221157074 -0.36613574624061584 -0.89883416891098022
vn -0.24091850221157074 -0.36613574624061584 -0.89883416891098022
vn -0.24091850221157074 -0.36613574624061584 -0.89883416891098022
vn -0.24091850221157074 -0.36613574624061584 -0.89883416891098022
vn -0.24091850221157074 -0.36613574624061584 -0.89883416891098022
vn -0.24091850221157074 -0.36613574624061584 -0.89883416891098022
f 370/370/370 372/372/372 371/371/371
f 374/374/374 376/376/376 373/373/373
f 378/378/378 380/380/380 377/377/377
f 382/382/382 384/384/384 383/383/383
f 386/386/386 388/388/388 387/387/387
f 390/390/390 392/392/392 391/391/391
f 395/395/395 398/398/398 394/394/394
f 397/397/397 398/398/398 396/396/396
f 393/393/393 395/395/395 394/394/394
f 396/396/396 398/398/398 395/395/395
f 401/401/401 400/400/400 404/404/404
f 403/403/403 402/402/402 404/404/404
f 399/399/399 400/400/400 401/401/401
f 402/402/402 401/401/401 404/404/404
f 370/370/370 371/371/371 369/369/369
f 376/376/376 375/375/375 373/373/373
f 380/380/380 379/379/379 377/377/377
f 382/382/382 383/383/383 381/381/381
f 386/386/386 387/387/387 385/385/385
f 390/390/390 391/391/391 389/389/389
o object_13
usemtl diffuse_0_0_0_255
v -0.56890209197998054 0.12626981735229492 0.5682243347167969
v -0.67655387878417983 0.25454904556274416 0.39022899627685548
v -0.52338993072509765 0.11616823196411133 0.52276638031005873
v -0.62242958068847665 0.23418512344360354 0.35901065826416018
v -0.56568374633789065 3.2848949194885792E-06 0.56568241119384766
v -0.56890209197998054 0.12626981735229492 0.5682243347167969
v -0.52042907714843756 3.0221033375710251E-06 0.52042781829833984
v -0.52338993072509765 0.11616823196411133 0.52276638031005873
v -0.7727310943603517 3.8088005385361616E-06 0.20705440521240237
v -0.56568374633789065 3.2848949194885792E-06 0.56568241119384766
v -0.71091262817382816 3.5040965303778656E-06 0.19049005508422853
v -0.52042907714843756 3.0221033375710251E-06 0.52042781829833984
v -0.77691604614257814 0.12626383781433106 0.20802814483642582
v -0.7727310943603517 3.8088005385361616E-06 0.20705440521240237
v -0.71476280212402354 0.11616272926330568 0.19138589859008792
v -0.71091262817382816 3.5040965303778656E-06 0.19049005508422853
v -0.67655387878417983 0.25454904556274416 0.39022899627685548
v -0.77691604614257814 0.12626383781433106 0.20802814483642582
v -0.62242958068847665 0.23418512344360354 0.35901065826416018
v -0.71476280212402354 0.11616272926330568 0.19138589859008792
v -0.56890209197998054 0.12626981735229492 0.5682243347167969
v -0.67655387878417983 0.25454904556274416 0.39022899627685548
v -0.56568374633789065 3.2848949194885792E-06 0.56568241119384766
v -0.7727310943603517 3.8088005385361616E-06 0.20705440521240237
v -0.77691604614257814 0.12626383781433106 0.20802814483642582
v -0.52338993072509765 0.11616823196411133 0.52276638031005873
v -0.62242958068847665 0.23418512344360354 0.35901065826416018
v -0.52042907714843756 3.0221033375710251E-06 0.52042781829833984
v -0.71091262817382816 3.5040965303778656E-06 0.19049005508422853
v -0.71476280212402354 0.11616272926330568 0.19138589859008792
vt 0.68981814384460449 0
vt 0.30201965570449829 0
vt 0.68981814384460449 0.10281459242105484
vt 0.30201965570449829 0.10281459242105484
vt 0.19900020956993103 0
vt 0 0
vt 0.19900020956993103 0.10332261025905609
vt 0 0.10332261025905609
vt 0.20046505331993103 0
vt 0.20046505331993103 0.6571001410484314
vt 0.30055481195449829 0
vt 0.30055481195449829 0.6571001410484314
vt 0.19900020956993103 0.49993506073951721
vt 0 0.49993506073951721
vt 0.19900020956993103 0.60328453779220581
vt 0 0.60328453779220581
vt 0.68981814384460449 0.10427943617105484
vt 0.30201965570449829 0.10427943617105484
vt 0.68981814384460449 0.20709402859210968
vt 0.30201965570449829 0.20709402859210968
vt 0.96719145774841309 0.79156839847564697
vt 0.63789618015289307 0.99450826644897461
vt 0.96625393629074097 0.59181797504425049
vt 0.31058359146118164 0.59181797504425049
vt 0.30860552191734314 0.79156088829040527
vt 0.91531217098236084 0.39597588777542114
vt 0.61169987916946411 0.58262264728546143
vt 0.91444778442382812 0.21226246654987335
vt 0.30991566181182861 0.21226246654987335
vt 0.30809184908866882 0.39596894383430481
vn 0.48287364840507507 0.8224480152130127 0.30068644881248474
vn 0.48287364840507507 0.8224480152130127 0.30068644881248474
vn 0.48287364840507507 0.8224480152130127 0.30068644881248474
vn 0.48287364840507507 0.8224480152130127 0.30068644881248474
vn 0.70710104703903198 0.0037879340816289186 0.70710235834121704
vn 0.70710104703903198 0.0037879340816289186 0.70710235834121704
vn 0.70710104703903198 0.0037879340816289186 0.70710235834121704
vn 0.70710104703903198 0.0037879340816289186 0.70710235834121704
vn -4.60766204923857E-06 -1 1.1992888175882399E-06
vn -4.60766204923857E-06 -1 1.1992888175882399E-06
vn -4.60766204923857E-06 -1 1.1992888175882399E-06
vn -4.60766204923857E-06 -1 1.1992888175882399E-06
vn -0.25882098078727722 -0.0011293764691799879 -0.96592462062835693
vn -0.25882098078727722 -0.0011293764691799879 -0.96592462062835693
vn -0.25882098078727722 -0.0011293764691799879 -0.96592462062835693
vn -0.25882098078727722 -0.0011293764691799879 -0.96592462062835693
vn -0.018638040870428085 0.82232081890106201 -0.56871879100799561
vn -0.018638040870428085 0.82232081890106201 -0.56871879100799561
vn -0.018638040870428085 0.82232081890106201 -0.56871879100799561
vn -0.018638040870428085 0.82232081890106201 -0.56871879100799561
vn -0.86550968885421753 -0.032542560249567032 0.49983394145965576
vn -0.86550968885421753 -0.032542560249567032 0.49983394145965576
vn -0.86550968885421753 -0.032542560249567032 0.49983394145965576
vn -0.86550968885421753 -0.032542560249567032 0.49983394145965576
vn -0.86550968885421753 -0.032542560249567032 0.49983394145965576
vn 0.86550962924957275 0.03254270926117897 -0.49983403086662292
vn 0.86550962924957275 0.03254270926117897 -0.49983403086662292
vn 0.86550962924957275 0.03254270926117897 -0.49983403086662292
vn 0.86550962924957275 0.03254270926117897 -0.49983403086662292
vn 0.86550962924957275 0.03254270926117897 -0.49983403086662292
f 406/406/406 405/405/405 408/408/408
f 410/410/410 409/409/409 412/412/412
f 414/414/414 413/413/413 416/416/416
f 418/418/418 417/417/417 419/419/419
f 422/422/422 421/421/421 423/423/423
f 425/425/425 429/429/429 428/428/428
f 426/426/426 429/429/429 425/425/425
f 427/427/427 425/425/425 428/428/428
f 430/430/430 433/433/433 434/434/434
f 431/431/431 430/430/430 434/434/434
f 432/432/432 433/433/433 430/430/430
f 405/405/405 407/407/407 408/408/408
f 409/409/409 411/411/411 412/412/412
f 413/413/413 415/415/415 416/416/416
f 418/418/418 419/419/419 420/420/420
f 422/422/422 423/423/423 424/424/424
o object_14
usemtl diffuse_0_0_0_255
v -0.36277355194091804 0.3946856307983399 0.62618221282958997
v -0.46807090759277348 0.49383987426757819 0.46670696258544925
v -0.33375167846679688 0.36311077117919927 0.57608764648437505
v -0.43062526702880866 0.45433265686035162 0.42937042236328127
v -0.39065444946289068 0.25446517944335939 0.67555809020996094
v -0.36277355194091804 0.3946856307983399 0.62618221282958997
v -0.35940208435058596 0.23410797119140625 0.62151344299316413
v -0.33375167846679688 0.36311077117919927 0.57608764648437505
v -0.56890209197998054 0.12626981735229492 0.5682243347167969
v -0.39065444946289068 0.25446517944335939 0.67555809020996094
v -0.52338993072509765 0.11616823196411133 0.52276638031005873
v -0.35940208435058596 0.23410797119140625 0.62151344299316413
v -0.67655387878417983 0.25454904556274416 0.39022899627685548
v -0.56890209197998054 0.12626981735229492 0.5682243347167969
v -0.62242958068847665 0.23418512344360354 0.35901065826416018
v -0.52338993072509765 0.11616823196411133 0.52276638031005873
v -0.62786071777343766 0.39487888336181642 0.36170509338378909
v -0.67655387878417983 0.25454904556274416 0.39022899627685548
v -0.5776318740844727 0.36328857421875005 0.33276866912841802
v -0.62242958068847665 0.23418512344360354 0.35901065826416018
v -0.46807090759277348 0.49383987426757819 0.46670696258544925
v -0.62786071777343766 0.39487888336181642 0.36170509338378909
v -0.43062526702880866 0.45433265686035162 0.42937042236328127
v -0.5776318740844727 0.36328857421875005 0.33276866912841802
v -0.36277355194091804 0.3946856307983399 0.62618221282958997
v -0.46807090759277348 0.49383987426757819 0.46670696258544925
v -0.39065444946289068 0.25446517944335939 0.67555809020996094
v -0.56890209197998054 0.12626981735229492 0.5682243347167969
v -0.67655387878417983 0.25454904556274416 0.39022899627685548
v -0.62786071777343766 0.39487888336181642 0.36170509338378909
v -0.33375167846679688 0.36311077117919927 0.57608764648437505
v -0.43062526702880866 0.45433265686035162 0.42937042236328127
v -0.35940208435058596 0.23410797119140625 0.62151344299316413
v -0.52338993072509765 0.11616823196411133 0.52276638031005873
v -0.62242958068847665 0.23418512344360354 0.35901065826416018
v -0.5776318740844727 0.36328857421875005 0.33276866912841802
vt 0.71845924854278564 0.17825816571712494
vt 0.71845924854278564 0.46890175342559814
vt 0.8080177903175354 0.17825816571712494
vt 0.8080177903175354 0.46890175342559814
vt 0.43705278635025024 0.17825816571712494
vt 0.43705278635025024 0.3834749162197113
vt 0.52652591466903687 0.17825816571712494
vt 0.52652591466903687 0.3834749162197113
vt 0.76863944530487061 0
vt 0.43705278635025024 0
vt 0.76863944530487061 0.087629318237304688
vt 0.43705278635025024 0.087629318237304688
vt 0.76863944530487061 0.089094161987304688
vt 0.43705278635025024 0.089094161987304688
vt 0.76863944530487061 0.17679332196712494
vt 0.43705278635025024 0.17679332196712494
vt 0.5776793360710144 0.17825816571712494
vt 0.5776793360710144 0.3834749162197113
vt 0.66725003719329834 0.17825816571712494
vt 0.66725003719329834 0.3834749162197113
vt 0.85922002792358398 0.17825816571712494
vt 0.85922002792358398 0.46890175342559814
vt 0.9487907886505127 0.17825816571712494
vt 0.9487907886505127 0.46890175342559814
vt 0.86138379573822021 0.9393160343170166
vt 0.57100498676300049 0.91557931900024414
vt 0.99303042888641357 0.782662034034729
vt 0.87204766273498535 0.47500964999198914
vt 0.54132384061813354 0.47500964999198914
vt 0.44255751371383667 0.65420013666152954
vt 0.0042704828083515167 0.39140298962593079
vt 0.026102382689714432 0.12355750799179077
vt 0.14835342764854431 0.51283383369445801
vt 0.43131747841835022 0.40123933553695679
vt 0.43131747841835022 0.09617961198091507
vt 0.26650658249855042 0.0050775632262229919
vn 0.71027082204818726 0.7032122015953064 -0.031748991459608078
vn 0.71027082204818726 0.7032122015953064 -0.031748991459608078
vn 0.71027082204818726 0.7032122015953064 -0.031748991459608078
vn 0.71027082204818726 0.7032122015953064 -0.031748991459608078
vn 0.86627233028411865 0.0036635512951761484 0.49955862760543823
vn 0.86627233028411865 0.0036635512951761484 0.49955862760543823
vn 0.86627233028411865 0.0036635512951761484 0.49955862760543823
vn 0.86627233028411865 0.0036635512951761484 0.49955862760543823
vn 0.30030590295791626 -0.82228344678878784 0.48339039087295532
vn 0.30030590295791626 -0.82228344678878784 0.48339039087295532
vn 0.30030590295791626 -0.82228344678878784 0.48339039087295532
vn 0.30030590295791626 -0.82228344678878784 0.48339039087295532
vn -0.48287364840507507 -0.8224480152130127 -0.30068644881248474
vn -0.48287364840507507 -0.8224480152130127 -0.30068644881248474
vn -0.48287364840507507 -0.8224480152130127 -0.30068644881248474
vn -0.48287364840507507 -0.8224480152130127 -0.30068644881248474
vn -0.50030940771102905 -0.0023914410267025232 -0.86584341526031494
vn -0.50030940771102905 -0.0023914410267025232 -0.86584341526031494
vn -0.50030940771102905 -0.0023914410267025232 -0.86584341526031494
vn -0.50030940771102905 -0.0023914410267025232 -0.86584341526031494
vn 0.032182440161705017 0.70244663953781128 -0.71100848913192749
vn 0.032182440161705017 0.70244663953781128 -0.71100848913192749
vn 0.032182440161705017 0.70244663953781128 -0.71100848913192749
vn 0.032182440161705017 0.70244663953781128 -0.71100848913192749
vn -0.65817046165466309 0.36273828148841858 0.65972155332565308
vn -0.65817046165466309 0.36273828148841858 0.65972155332565308
vn -0.65817046165466309 0.36273828148841858 0.65972155332565308
vn -0.65817046165466309 0.36273828148841858 0.65972155332565308
vn -0.65817046165466309 0.36273828148841858 0.65972155332565308
vn -0.65817046165466309 0.36273828148841858 0.65972155332565308
vn 0.65817058086395264 -0.36273813247680664 -0.65972155332565308
vn 0.65817058086395264 -0.36273813247680664 -0.65972155332565308
vn 0.65817058086395264 -0.36273813247680664 -0.65972155332565308
vn 0.65817058086395264 -0.36273813247680664 -0.65972155332565308
vn 0.65817058086395264 -0.36273813247680664 -0.65972155332565308
vn 0.65817058086395264 -0.36273813247680664 -0.65972155332565308
f 436/436/436 435/435/435 438/438/438
f 440/440/440 439/439/439 442/442/442
f 444/444/444 443/443/443 446/446/446
f 448/448/448 447/447/447 449/449/449
f 452/452/452 451/451/451 453/453/453
f 456/456/456 455/455/455 458/458/458
f 461/461/461 460/460/460 464/464/464
f 463/463/463 462/462/462 464/464/464
f 459/459/459 460/460/460 461/461/461
f 462/462/462 461/461/461 464/464/464
f 467/467/467 470/470/470 466/466/466
f 469/469/469 470/470/470 468/468/468
f 465/465/465 467/467/467 466/466/466
f 468/468/468 470/470/470 467/467/467
f 435/435/435 437/437/437 438/438/438
f 439/439/439 441/441/441 442/442/442
f 443/443/443 445/445/445 446/446/446
f 448/448/448 449/449/449 450/450/450
f 452/452/452 453/453/453 454/454/454
f 455/455/455 457/457/457 458/458/458
o object_15
usemtl diffuse_0_0_0_255
v -0.2085352897644043 0.12627933502197267 0.77619522094726578
v -0.39065444946289068 0.25446517944335939 0.67555809020996094
v -0.19185247421264651 0.11617698669433595 0.71409957885742203
v -0.35940208435058596 0.23410797119140625 0.62151344299316413
v -0.20705249786376956 2.6200432330369949E-06 0.77272407531738285
v -0.2085352897644043 0.12627933502197267 0.77619522094726578
v -0.19048830032348635 2.4104399199131882E-06 0.71090614318847667
v -0.19185247421264651 0.11617698669433595 0.71409957885742203
v -0.56568374633789065 3.2848949194885792E-06 0.56568241119384766
v -0.20705249786376956 2.6200432330369949E-06 0.77272407531738285
v -0.52042907714843756 3.0221033375710251E-06 0.52042781829833984
v -0.19048830032348635 2.4104399199131882E-06 0.71090614318847667
v -0.56890209197998054 0.12626981735229492 0.5682243347167969
v -0.56568374633789065 3.2848949194885792E-06 0.56568241119384766
v -0.52338993072509765 0.11616823196411133 0.52276638031005873
v -0.52042907714843756 3.0221033375710251E-06 0.52042781829833984
v -0.39065444946289068 0.25446517944335939 0.67555809020996094
v -0.56890209197998054 0.12626981735229492 0.5682243347167969
v -0.35940208435058596 0.23410797119140625 0.62151344299316413
v -0.52338993072509765 0.11616823196411133 0.52276638031005873
v -0.2085352897644043 0.12627933502197267 0.77619522094726578
v -0.39065444946289068 0.25446517944335939 0.67555809020996094
v -0.20705249786376956 2.6200432330369949E-06 0.77272407531738285
v -0.56568374633789065 3.2848949194885792E-06 0.56568241119384766
v -0.56890209197998054 0.12626981735229492 0.5682243347167969
v -0.19185247421264651 0.11617698669433595 0.71409957885742203
v -0.35940208435058596 0.23410797119140625 0.62151344299316413
v -0.19048830032348635 2.4104399199131882E-06 0.71090614318847667
v -0.52042907714843756 3.0221033375710251E-06 0.52042781829833984
v -0.52338993072509765 0.11616823196411133 0.52276638031005873
vt 0.69015282392501831 0.1042482927441597
vt 0.3021661639213562 0.1042482927441597
vt 0.69015282392501831 0.2070317417383194
vt 0.3021661639213562 0.2070317417383194
vt 0.19909745454788208 0
vt 0 0
vt 0.19909745454788208 0.10332902520895004
vt 0 0.10332902520895004
vt 0.20056229829788208 0
vt 0.20056229829788208 0.65741890668869019
vt 0.3007013201713562 0
vt 0.3007013201713562 0.65741890668869019
vt 0.19909745454788208 0.49989426136016846
vt 0 0.49989426136016846
vt 0.19909745454788208 0.60326701402664185
vt 0 0.60326701402664185
vt 0.69015282392501831 0
vt 0.3021661639213562 0
vt 0.69015282392501831 0.1027834489941597
vt 0.3021661639213562 0.1027834489941597
vt 0.96786367893218994 0.791634202003479
vt 0.63830643892288208 0.99450790882110596
vt 0.96714907884597778 0.59178584814071655
vt 0.31115955114364624 0.59178584814071655
vt 0.3087572455406189 0.79162108898162842
vt 0.91594231128692627 0.39600390195846558
vt 0.61208903789520264 0.58258986473083496
vt 0.91528350114822388 0.21220047771930695
vt 0.31045809388160706 0.21220047771930695
vt 0.30824315547943115 0.39599186182022095
vn 0.56846398115158081 0.82249069213867188 0.01891438290476799
vn 0.56846398115158081 0.82249069213867188 0.01891438290476799
vn 0.56846398115158081 0.82249069213867188 0.01891438290476799
vn 0.56846398115158081 0.82249069213867188 0.01891438290476799
vn 0.96591669321060181 0.0042277127504348755 0.25881856679916382
vn 0.96591669321060181 0.0042277127504348755 0.25881856679916382
vn 0.96591669321060181 0.0042277127504348755 0.25881856679916382
vn 0.96591669321060181 0.0042277127504348755 0.25881856679916382
vn -3.3007279398589162E-06 -1 2.5062231543415692E-06
vn -3.3007279398589162E-06 -1 2.5062231543415692E-06
vn -3.3007279398589162E-06 -1 2.5062231543415692E-06
vn -3.3007279398589162E-06 -1 2.5062231543415692E-06
vn -0.70710104703903198 -0.0037879340816289186 -0.70710235834121704
vn -0.70710104703903198 -0.0037879340816289186 -0.70710235834121704
vn -0.70710104703903198 -0.0037879340816289186 -0.70710235834121704
vn -0.70710104703903198 -0.0037879340816289186 -0.70710235834121704
vn -0.30030590295791626 0.82228344678878784 -0.48339039087295532
vn -0.30030590295791626 0.82228344678878784 -0.48339039087295532
vn -0.30030590295791626 0.82228344678878784 -0.48339039087295532
vn -0.30030590295791626 0.82228344678878784 -0.48339039087295532
vn -0.49961516261100769 -0.030162656679749489 0.8657221794128418
vn -0.49961516261100769 -0.030162656679749489 0.8657221794128418
vn -0.49961516261100769 -0.030162656679749489 0.8657221794128418
vn -0.49961516261100769 -0.030162656679749489 0.8657221794128418
vn -0.49961516261100769 -0.030162656679749489 0.8657221794128418
vn 0.49961516261100769 0.030162492766976357 -0.8657221794128418
vn 0.49961516261100769 0.030162492766976357 -0.8657221794128418
vn 0.49961516261100769 0.030162492766976357 -0.8657221794128418
vn 0.49961516261100769 0.030162492766976357 -0.8657221794128418
vn 0.49961516261100769 0.030162492766976357 -0.8657221794128418
f 472/472/472 471/471/471 474/474/474
f 476/476/476 475/475/475 478/478/478
f 480/480/480 479/479/479 481/481/481
f 484/484/484 483/483/483 485/485/485
f 488/488/488 487/487/487 489/489/489
f 491/491/491 495/495/495 494/494/494
f 492/492/492 495/495/495 491/491/491
f 493/493/493 491/491/491 494/494/494
f 496/496/496 499/499/499 500/500/500
f 497/497/497 496/496/496 500/500/500
f 498/498/498 499/499/499 496/496/496
f 471/471/471 473/473/473 474/474/474
f 475/475/475 477/477/477 478/478/478
f 480/480/480 481/481/481 482/482/482
f 484/484/484 485/485/485 486/486/486
f 488/488/488 489/489/489 490/490/490
o object_16
usemtl diffuse_0_0_0_255
v 0.20766473770141602 0.12628617286682128 0.77619117736816412
v 0.3896047973632813 0.25441032409667969 0.67515235900878912
v 0.1910515594482422 0.11618328094482422 0.71409584045410168
v 0.35843639373779301 0.23405748367309573 0.62114017486572282
v 0.20705213546752932 2.131900109816343E-06 0.77272384643554703
v 0.20766473770141602 0.12628617286682128 0.77619117736816412
v 0.19048797607421877 1.9613481708802288E-06 0.71090591430664074
v 0.1910515594482422 0.11618328094482422 0.71409584045410168
v 0.56568336486816406 2.6463711401447657E-06 0.56568206787109376
v 0.20705213546752932 2.131900109816343E-06 0.77272384643554703
v 0.52042869567871097 2.4346614372916524E-06 0.52042751312255864
v 0.19048797607421877 1.9613481708802288E-06 0.71090591430664074
v 0.56812240600585939 0.12628748893737793 0.56818126678466807
v 0.56568336486816406 2.6463711401447657E-06 0.56568206787109376
v 0.52267261505126961 0.11618449211120606 0.52272674560546883
v 0.52042869567871097 2.4346614372916524E-06 0.52042751312255864
v 0.3896047973632813 0.25441032409667969 0.67515235900878912
v 0.56812240600585939 0.12628748893737793 0.56818126678466807
v 0.35843639373779301 0.23405748367309573 0.62114017486572282
v 0.52267261505126961 0.11618449211120606 0.52272674560546883
v 0.20766473770141602 0.12628617286682128 0.77619117736816412
v 0.3896047973632813 0.25441032409667969 0.67515235900878912
v 0.20705213546752932 2.131900109816343E-06 0.77272384643554703
v 0.56568336486816406 2.6463711401447657E-06 0.56568206787109376
v 0.56812240600585939 0.12628748893737793 0.56818126678466807
v 0.1910515594482422 0.11618328094482422 0.71409584045410168
v 0.35843639373779301 0.23405748367309573 0.62114017486572282
v 0.19048797607421877 1.9613481708802288E-06 0.71090591430664074
v 0.52042869567871097 2.4346614372916524E-06 0.52042751312255864
v 0.52267261505126961 0.11618449211120606 0.52272674560546883
vt 0.6904715895652771 0.10418842732906342
vt 0.30230569839477539 0.10418842732906342
vt 0.6904715895652771 0.20691201090812683
vt 0.30230569839477539 0.20691201090812683
vt 0.19919010996818542 0.49999925494194031
vt 0 0.49999925494194031
vt 0.19919010996818542 0.60334736108779907
vt 0 0.60334736108779907
vt 0.20065495371818542 0
vt 0.20065495371818542 0.65772265195846558
vt 0.30084085464477539 0
vt 0.30084085464477539 0.65772265195846558
vt 0.19919010996818542 0
vt 0 0
vt 0.19919010996818542 0.10334780067205429
vt 0 0.10334780067205429
vt 0.6904715895652771 0
vt 0.30230569839477539 0
vt 0.6904715895652771 0.10272358357906342
vt 0.30230569839477539 0.10272358357906342
vt 0.96846902370452881 0.79165709018707275
vt 0.63868653774261475 0.9945073127746582
vt 0.96656262874603271 0.59172409772872925
vt 0.31026899814605713 0.59172409772872925
vt 0.30890139937400818 0.79166150093078613
vt 0.91651040315628052 0.39596262574195862
vt 0.61244994401931763 0.58252698183059692
vt 0.91475272178649902 0.21208131313323975
vt 0.30964788794517517 0.21208131313323975
vt 0.30838695168495178 0.39596667885780334
vn -0.56882095336914062 0.82225543260574341 0.018403409048914909
vn -0.56882095336914062 0.82225543260574341 0.018403409048914909
vn -0.56882095336914062 0.82225543260574341 0.018403409048914909
vn -0.56882095336914062 0.82225543260574341 0.018403409048914909
vn -0.96592259407043457 -0.0024206556845456362 0.25881972908973694
vn -0.96592259407043457 -0.0024206556845456362 0.25881972908973694
vn -0.96592259407043457 -0.0024206556845456362 0.25881972908973694
vn -0.96592259407043457 -0.0024206556845456362 0.25881972908973694
vn 2.6217469439870911E-06 -1 2.0564416445267852E-06
vn 2.6217469439870911E-06 -1 2.0564416445267852E-06
vn 2.6217469439870911E-06 -1 2.0564416445267852E-06
vn 2.6217469439870911E-06 -1 2.0564416445267852E-06
vn 0.70710599422454834 0.00033677788451313972 -0.70710748434066772
vn 0.70710599422454834 0.00033677788451313972 -0.70710748434066772
vn 0.70710599422454834 0.00033677788451313972 -0.70710748434066772
vn 0.70710599422454834 0.00033677788451313972 -0.70710748434066772
vn 0.30054947733879089 0.82225996255874634 -0.4832790195941925
vn 0.30054947733879089 0.82225996255874634 -0.4832790195941925
vn 0.30054947733879089 0.82225996255874634 -0.4832790195941925
vn 0.30054947733879089 0.82225996255874634 -0.4832790195941925
vn 0.49960407614707947 -0.026784375309944153 0.86583966016769409
vn 0.49960407614707947 -0.026784375309944153 0.86583966016769409
vn 0.49960407614707947 -0.026784375309944153 0.86583966016769409
vn 0.49960407614707947 -0.026784375309944153 0.86583966016769409
vn 0.49960407614707947 -0.026784375309944153 0.86583966016769409
vn -0.49960428476333618 0.026784155517816544 -0.86583960056304932
vn -0.49960428476333618 0.026784155517816544 -0.86583960056304932
vn -0.49960428476333618 0.026784155517816544 -0.86583960056304932
vn -0.49960428476333618 0.026784155517816544 -0.86583960056304932
vn -0.49960428476333618 0.026784155517816544 -0.86583960056304932
f 502/502/502 504/504/504 501/501/501
f 506/506/506 508/508/508 505/505/505
f 510/510/510 512/512/512 511/511/511
f 514/514/514 516/516/516 515/515/515
f 518/518/518 520/520/520 519/519/519
f 522/522/522 524/524/524 525/525/525
f 521/521/521 523/523/523 522/522/522
f 524/524/524 522/522/522 523/523/523
f 527/527/527 530/530/530 529/529/529
f 526/526/526 527/527/527 528/528/528
f 529/529/529 528/528/528 527/527/527
f 504/504/504 503/503/503 501/501/501
f 508/508/508 507/507/507 505/505/505
f 510/510/510 511/511/511 509/509/509
f 514/514/514 515/515/515 513/513/513
f 518/518/518 519/519/519 517/517/517
o object_17
usemtl diffuse_0_0_0_255
v 0.56812240600585939 0.12628748893737793 0.56818126678466807
v 0.67521400451660163 0.25451292037963874 0.38980964660644535
v 0.52267261505126961 0.11618449211120606 0.52272674560546883
v 0.62119689941406264 0.2341518783569336 0.35862487792968756
v 0.56568336486816406 2.6463711401447657E-06 0.56568206787109376
v 0.56812240600585939 0.12628748893737793 0.56818126678466807
v 0.52042869567871097 2.4346614372916524E-06 0.52042751312255864
v 0.52267261505126961 0.11618449211120606 0.52272674560546883
v 0.77273094177246104 3.462368331383914E-06 0.20705419540405276
v 0.56568336486816406 2.6463711401447657E-06 0.56568206787109376
v 0.71091247558593762 3.185378736816347E-06 0.19048986434936524
v 0.52042869567871097 2.4346614372916524E-06 0.52042751312255864
v 0.77621673583984385 0.12628549575805667 0.20792232513427736
v 0.77273094177246104 3.462368331383914E-06 0.20705419540405276
v 0.71411941528320322 0.11618265151977542 0.19128854751586916
v 0.71091247558593762 3.185378736816347E-06 0.19048986434936524
v 0.67521400451660163 0.25451292037963874 0.38980964660644535
v 0.77621673583984385 0.12628549575805667 0.20792232513427736
v 0.62119689941406264 0.2341518783569336 0.35862487792968756
v 0.71411941528320322 0.11618265151977542 0.19128854751586916
v 0.56812240600585939 0.12628748893737793 0.56818126678466807
v 0.67521400451660163 0.25451292037963874 0.38980964660644535
v 0.56568336486816406 2.6463711401447657E-06 0.56568206787109376
v 0.77273094177246104 3.462368331383914E-06 0.20705419540405276
v 0.77621673583984385 0.12628549575805667 0.20792232513427736
v 0.52267261505126961 0.11618449211120606 0.52272674560546883
v 0.62119689941406264 0.2341518783569336 0.35862487792968756
v 0.52042869567871097 2.4346614372916524E-06 0.52042751312255864
v 0.71091247558593762 3.185378736816347E-06 0.19048986434936524
v 0.71411941528320322 0.11618265151977542 0.19128854751586916
vt 0.69021248817443848 0.10417218506336212
vt 0.30219227075576782 0.10417218506336212
vt 0.69021248817443848 0.20687952637672424
vt 0.30219227075576782 0.20687952637672424
vt 0.19911481440067291 0
vt 0 0
vt 0.19911481440067291 0.1033090204000473
vt 0 0.1033090204000473
vt 0.20057965815067291 0
vt 0.20057965815067291 0.65747582912445068
vt 0.30072742700576782 0
vt 0.30072742700576782 0.65747582912445068
vt 0.19911481440067291 0.49997153878211975
vt 0 0.49997153878211975
vt 0.19911481440067291 0.60329234600067139
vt 0 0.60329234600067139
vt 0.69021248817443848 0
vt 0.30219227075576782 0
vt 0.69021248817443848 0.10270734131336212
vt 0.30219227075576782 0.10270734131336212
vt 0.96789675951004028 0.79156875610351562
vt 0.63833993673324585 0.99450713396072388
vt 0.96640020608901978 0.59170734882354736
vt 0.3103538453578949 0.59170734882354736
vt 0.30878341197967529 0.79156827926635742
vt 0.91597485542297363 0.39586448669433594
vt 0.61212193965911865 0.58250987529754639
vt 0.91459500789642334 0.2120489776134491
vt 0.30971726775169373 0.2120489776134491
vt 0.30826932191848755 0.39586400985717773
vn -0.48347470164299011 0.82208919525146484 0.30070176720619202
vn -0.48347470164299011 0.82208919525146484 0.30070176720619202
vn -0.48347470164299011 0.82208919525146484 0.30070176720619202
vn -0.48347470164299011 0.82208919525146484 0.30070176720619202
vn -0.70710599422454834 -0.00033677788451313972 0.70710748434066772
vn -0.70710599422454834 -0.00033677788451313972 0.70710748434066772
vn -0.70710599422454834 -0.00033677788451313972 0.70710748434066772
vn -0.70710599422454834 -0.00033677788451313972 0.70710748434066772
vn 4.4084031287638936E-06 -1 2.697840670862206E-07
vn 4.4084031287638936E-06 -1 2.697840670862206E-07
vn 4.4084031287638936E-06 -1 2.697840670862206E-07
vn 4.4084031287638936E-06 -1 2.697840670862206E-07
vn 0.2588208019733429 -0.00050400604959577322 -0.96592521667480469
vn 0.2588208019733429 -0.00050400604959577322 -0.96592521667480469
vn 0.2588208019733429 -0.00050400604959577322 -0.96592521667480469
vn 0.2588208019733429 -0.00050400604959577322 -0.96592521667480469
vn 0.01871086098253727 0.82203465700149536 -0.56913000345230103
vn 0.01871086098253727 0.82203465700149536 -0.56913000345230103
vn 0.01871086098253727 0.82203465700149536 -0.56913000345230103
vn 0.01871086098253727 0.82203465700149536 -0.56913000345230103
vn 0.86559909582138062 -0.027330551296472549 0.49999123811721802
vn 0.86559909582138062 -0.027330551296472549 0.49999123811721802
vn 0.86559909582138062 -0.027330551296472549 0.49999123811721802
vn 0.86559909582138062 -0.027330551296472549 0.49999123811721802
vn 0.86559909582138062 -0.027330551296472549 0.49999123811721802
vn -0.86559903621673584 0.027330633252859116 -0.49999132752418518
vn -0.86559903621673584 0.027330633252859116 -0.49999132752418518
vn -0.86559903621673584 0.027330633252859116 -0.49999132752418518
vn -0.86559903621673584 0.027330633252859116 -0.49999132752418518
vn -0.86559903621673584 0.027330633252859116 -0.49999132752418518
f 532/532/532 534/534/534 531/531/531
f 536/536/536 538/538/538 535/535/535
f 540/540/540 542/542/542 539/539/539
f 544/544/544 546/546/546 545/545/545
f 548/548/548 550/550/550 549/549/549
f 551/551/551 554/554/554 555/555/555
f 552/552/552 551/551/551 555/555/555
f 553/553/553 554/554/554 551/551/551
f 556/556/556 560/560/560 559/559/559
f 557/557/557 560/560/560 556/556/556
f 558/558/558 556/556/556 559/559/559
f 534/534/534 533/533/533 531/531/531
f 538/538/538 537/537/537 535/535/535
f 542/542/542 541/541/541 539/539/539
f 544/544/544 545/545/545 543/543/543
f 548/548/548 549/549/549 547/547/547
o object_18
usemtl diffuse_0_0_0_255
v -0.00089695423841476454 0.39449226379394536 0.72276947021484383
v -0.17179756164550783 0.49348419189453135 0.63706626892089846
v -0.00082519784569740301 0.36293289184570315 0.66494789123535158
v -0.15805375099182131 0.45400543212890626 0.58610095977783205
v -0.00043735142797231676 0.25437898635864259 0.77973571777343764
v -0.00089695423841476454 0.39449226379394536 0.72276947021484383
v -0.00040236331522464758 0.2340286636352539 0.71735687255859382
v -0.00082519784569740301 0.36293289184570315 0.66494789123535158
v -0.2085352897644043 0.12627933502197267 0.77619522094726578
v -0.00043735142797231676 0.25437898635864259 0.77973571777343764
v -0.19185247421264651 0.11617698669433595 0.71409957885742203
v -0.00040236331522464758 0.2340286636352539 0.71735687255859382
v -0.39065444946289068 0.25446517944335939 0.67555809020996094
v -0.2085352897644043 0.12627933502197267 0.77619522094726578
v -0.35940208435058596 0.23410797119140625 0.62151344299316413
v -0.19185247421264651 0.11617698669433595 0.71409957885742203
v -0.36277355194091804 0.3946856307983399 0.62618221282958997
v -0.39065444946289068 0.25446517944335939 0.67555809020996094
v -0.33375167846679688 0.36311077117919927 0.57608764648437505
v -0.35940208435058596 0.23410797119140625 0.62151344299316413
v -0.17179756164550783 0.49348419189453135 0.63706626892089846
v -0.36277355194091804 0.3946856307983399 0.62618221282958997
v -0.15805375099182131 0.45400543212890626 0.58610095977783205
v -0.33375167846679688 0.36311077117919927 0.57608764648437505
v -0.00089695423841476454 0.39449226379394536 0.72276947021484383
v -0.17179756164550783 0.49348419189453135 0.63706626892089846
v -0.00043735142797231676 0.25437898635864259 0.77973571777343764
v -0.2085352897644043 0.12627933502197267 0.77619522094726578
v -0.39065444946289068 0.25446517944335939 0.67555809020996094
v -0.36277355194091804 0.3946856307983399 0.62618221282958997
v -0.00082519784569740301 0.36293289184570315 0.66494789123535158
v -0.15805375099182131 0.45400543212890626 0.58610095977783205
v -0.00040236331522464758 0.2340286636352539 0.71735687255859382
v -0.19185247421264651 0.11617698669433595 0.71409957885742203
v -0.35940208435058596 0.23410797119140625 0.62151344299316413
v -0.33375167846679688 0.36311077117919927 0.57608764648437505
vt 0.71846818923950195 0.17810112237930298
vt 0.71846818923950195 0.46871510148048401
vt 0.80789327621459961 0.17810112237930298
vt 0.80789327621459961 0.46871510148048401
vt 0.43702694773674011 0.17810112237930298
vt 0.43702694773674011 0.38329708576202393
vt 0.52639448642730713 0.17810112237930298
vt 0.52639448642730713 0.38329708576202393
vt 0.76858001947402954 0
vt 0.43702694773674011 0
vt 0.76858001947402954 0.087551139295101166
vt 0.43702694773674011 0.087551139295101166
vt 0.76858001947402954 0.089015983045101166
vt 0.43702694773674011 0.089015983045101166
vt 0.76858001947402954 0.17663627862930298
vt 0.43702694773674011 0.17663627862930298
vt 0.57767164707183838 0.17810112237930298
vt 0.57767164707183838 0.38329708576202393
vt 0.66713565587997437 0.17810112237930298
vt 0.66713565587997437 0.38329708576202393
vt 0.85920345783233643 0.17810112237930298
vt 0.85920345783233643 0.46871510148048401
vt 0.94866746664047241 0.17810112237930298
vt 0.94866746664047241 0.46871510148048401
vt 0.86138284206390381 0.93910157680511475
vt 0.57104545831680298 0.91522020101547241
vt 0.9930301308631897 0.78247523307800293
vt 0.87213951349258423 0.47482272982597351
vt 0.54144912958145142 0.47482272982597351
vt 0.44253194332122803 0.65390628576278687
vt 0.0042702294886112213 0.39142587780952454
vt 0.02623521164059639 0.12361866235733032
vt 0.14832769334316254 0.51285737752914429
vt 0.43129187822341919 0.40134784579277039
vt 0.43129187822341919 0.096319034695625305
vt 0.26657930016517639 0.0050777965225279331
vn 0.59925955533981323 0.70301204919815063 -0.3829648494720459
vn 0.59925955533981323 0.70301204919815063 -0.3829648494720459
vn 0.59925955533981323 0.70301204919815063 -0.3829648494720459
vn 0.59925955533981323 0.70301204919815063 -0.3829648494720459
vn 0.99999511241912842 0.0030974126420915127 -0.00044959707884117961
vn 0.99999511241912842 0.0030974126420915127 -0.00044959707884117961
vn 0.99999511241912842 0.0030974126420915127 -0.00044959707884117961
vn 0.99999511241912842 0.0030974126420915127 -0.00044959707884117961
vn 0.50163882970809937 -0.82233518362045288 0.26855787634849548
vn 0.50163882970809937 -0.82233518362045288 0.26855787634849548
vn 0.50163882970809937 -0.82233518362045288 0.26855787634849548
vn 0.50163882970809937 -0.82233518362045288 0.26855787634849548
vn -0.56846398115158081 -0.82249069213867188 -0.01891438290476799
vn -0.56846398115158081 -0.82249069213867188 -0.01891438290476799
vn -0.56846398115158081 -0.82249069213867188 -0.01891438290476799
vn -0.56846398115158081 -0.82249069213867188 -0.01891438290476799
vn -0.86627233028411865 -0.0036635512951761484 -0.49955862760543823
vn -0.86627233028411865 -0.0036635512951761484 -0.49955862760543823
vn -0.86627233028411865 -0.0036635512951761484 -0.49955862760543823
vn -0.86627233028411865 -0.0036635512951761484 -0.49955862760543823
vn -0.32727071642875671 0.70225900411605835 -0.63223904371261597
vn -0.32727071642875671 0.70225900411605835 -0.63223904371261597
vn -0.32727071642875671 0.70225900411605835 -0.63223904371261597
vn -0.32727071642875671 0.70225900411605835 -0.63223904371261597
vn -0.23999214172363281 0.36479422450065613 0.89962708950042725
vn -0.23999214172363281 0.36479422450065613 0.89962708950042725
vn -0.23999214172363281 0.36479422450065613 0.89962708950042725
vn -0.23999214172363281 0.36479422450065613 0.89962708950042725
vn -0.23999214172363281 0.36479422450065613 0.89962708950042725
vn -0.23999214172363281 0.36479422450065613 0.89962708950042725
vn 0.23999206721782684 -0.36479437351226807 -0.89962708950042725
vn 0.23999206721782684 -0.36479437351226807 -0.89962708950042725
vn 0.23999206721782684 -0.36479437351226807 -0.89962708950042725
vn 0.23999206721782684 -0.36479437351226807 -0.89962708950042725
vn 0.23999206721782684 -0.36479437351226807 -0.89962708950042725
vn 0.23999206721782684 -0.36479437351226807 -0.89962708950042725
f 562/562/562 561/561/561 564/564/564
f 566/566/566 565/565/565 568/568/568
f 570/570/570 569/569/569 572/572/572
f 574/574/574 573/573/573 575/575/575
f 578/578/578 577/577/577 579/579/579
f 582/582/582 581/581/581 584/584/584
f 587/587/587 586/586/586 590/590/590
f 589/589/589 588/588/588 590/590/590
f 585/585/585 586/586/586 587/587/587
f 588/588/588 587/587/587 590/590/590
f 593/593/593 596/596/596 592/592/592
f 595/595/595 596/596/596 594/594/594
f 591/591/591 593/593/593 592/592/592
f 594/594/594 596/596/596 593/593/593
f 561/561/561 563/563/563 564/564/564
f 565/565/565 567/567/567 568/568/568
f 569/569/569 571/571/571 572/572/572
f 574/574/574 575/575/575 576/576/576
f 578/578/578 579/579/579 580/580/580
f 581/581/581 583/583/583 584/584/584
o object_19
usemtl diffuse_0_0_0_255
v 0.36112041473388673 0.39455993652343757 -0.62595024108886721
v 0.17017351150512697 0.49341823577880861 -0.63680225372314458
v 0.33223079681396489 0.36299514770507812 -0.5758742141723634
v 0.15655962944030766 0.45394477844238285 -0.58585807800292977
v 0.38974548339843751 0.2544669342041016 -0.67526199340820314
v 0.36112041473388673 0.39455993652343757 -0.62595024108886721
v 0.35856586456298833 0.23410959243774415 -0.62124099731445315
v 0.33223079681396489 0.36299514770507812 -0.5758742141723634
v 0.20779409408569338 0.1262855625152588 -0.77620765686035165
v 0.38974548339843751 0.2544669342041016 -0.67526199340820314
v 0.19117055892944337 0.11618271827697756 -0.71411102294921891
v 0.35856586456298833 0.23410959243774415 -0.62124099731445315
v -0.00030804218724370005 0.25437898635864259 -0.77972793579101562
v 0.20779409408569338 0.1262855625152588 -0.77620765686035165
v -0.00028339881449937823 0.2340286636352539 -0.71734970092773453
v 0.19117055892944337 0.11618271827697756 -0.71411102294921891
v -0.00063937760889530191 0.39448863983154303 -0.72275192260742194
v -0.00030804218724370005 0.25437898635864259 -0.77972793579101562
v -0.00058822739869356165 0.36292957305908208 -0.66493179321289064
v -0.00028339881449937823 0.2340286636352539 -0.71734970092773453
v 0.17017351150512697 0.49341823577880861 -0.63680225372314458
v -0.00063937760889530191 0.39448863983154303 -0.72275192260742194
v 0.15655962944030766 0.45394477844238285 -0.58585807800292977
v -0.00058822739869356165 0.36292957305908208 -0.66493179321289064
v 0.36112041473388673 0.39455993652343757 -0.62595024108886721
v 0.17017351150512697 0.49341823577880861 -0.63680225372314458
v 0.38974548339843751 0.2544669342041016 -0.67526199340820314
v 0.20779409408569338 0.1262855625152588 -0.77620765686035165
v -0.00030804218724370005 0.25437898635864259 -0.77972793579101562
v -0.00063937760889530191 0.39448863983154303 -0.72275192260742194
v 0.33223079681396489 0.36299514770507812 -0.5758742141723634
v 0.15655962944030766 0.45394477844238285 -0.58585807800292977
v 0.35856586456298833 0.23410959243774415 -0.62124099731445315
v 0.19117055892944337 0.11618271827697756 -0.71411102294921891
v -0.00028339881449937823 0.2340286636352539 -0.71734970092773453
v -0.00058822739869356165 0.36292957305908208 -0.66493179321289064
vt 0.71889978647232056 0.1780906617641449
vt 0.71889978647232056 0.46880906820297241
vt 0.80829381942749023 0.1780906617641449
vt 0.80829381942749023 0.46880906820297241
vt 0.43780353665351868 0.1780906617641449
vt 0.43780353665351868 0.38335999846458435
vt 0.5271950364112854 0.1780906617641449
vt 0.5271950364112854 0.38335999846458435
vt 0.76947516202926636 0
vt 0.43780353665351868 0
vt 0.76947516202926636 0.087578803300857544
vt 0.43780353665351868 0.087578803300857544
vt 0.76947516202926636 0.089043647050857544
vt 0.43780353665351868 0.089043647050857544
vt 0.76947516202926636 0.1766258180141449
vt 0.43780353665351868 0.1766258180141449
vt 0.578346848487854 0.1780906617641449
vt 0.578346848487854 0.38335999846458435
vt 0.66774445772171021 0.1780906617641449
vt 0.66774445772171021 0.38335999846458435
vt 0.85944706201553345 0.1780906617641449
vt 0.85944706201553345 0.46880906820297241
vt 0.94884467124938965 0.1780906617641449
vt 0.94884467124938965 0.46880906820297241
vt 0.99303776025772095 0.65449607372283936
vt 0.86472475528717041 0.91602551937103271
vt 0.89485502243041992 0.47492498159408569
vt 0.56404763460159302 0.47492498159408569
vt 0.44330090284347534 0.78276246786117554
vt 0.57429414987564087 0.94003140926361084
vt 0.26689982414245605 0.51214993000030518
vt 0.026357358321547508 0.39379358291625977
vt 0.43206086754798889 0.42158582806587219
vt 0.43206086754798889 0.11644794791936874
vt 0.14892643690109253 0.0050707915797829628
vt 0.0042778430506587029 0.12589940428733826
vn 0.32774451375007629 0.7024039626121521 0.63183242082595825
vn 0.32774451375007629 0.7024039626121521 0.63183242082595825
vn 0.32774451375007629 0.7024039626121521 0.63183242082595825
vn 0.32774451375007629 0.7024039626121521 0.63183242082595825
vn 0.86594474315643311 0.00089234317420050502 0.50013887882232666
vn 0.86594474315643311 0.00089234317420050502 0.50013887882232666
vn 0.86594474315643311 0.00089234317420050502 0.50013887882232666
vn 0.86594474315643311 0.00089234317420050502 0.50013887882232666
vn 0.56892538070678711 -0.82218015193939209 0.018538700416684151
vn 0.56892538070678711 -0.82218015193939209 0.018538700416684151
vn 0.56892538070678711 -0.82218015193939209 0.018538700416684151
vn 0.56892538070678711 -0.82218015193939209 0.018538700416684151
vn -0.50170266628265381 -0.82244062423706055 -0.26811540126800537
vn -0.50170266628265381 -0.82244062423706055 -0.26811540126800537
vn -0.50170266628265381 -0.82244062423706055 -0.26811540126800537
vn -0.50170266628265381 -0.82244062423706055 -0.26811540126800537
vn -0.99999743700027466 -0.0022296730894595385 -0.00033234714646823704
vn -0.99999743700027466 -0.0022296730894595385 -0.00033234714646823704
vn -0.99999743700027466 -0.0022296730894595385 -0.00033234714646823704
vn -0.99999743700027466 -0.0022296730894595385 -0.00033234714646823704
vn -0.59976446628570557 0.70214188098907471 0.38376989960670471
vn -0.59976446628570557 0.70214188098907471 0.38376989960670471
vn -0.59976446628570557 0.70214188098907471 0.38376989960670471
vn -0.59976446628570557 0.70214188098907471 0.38376989960670471
vn 0.240566685795784 0.36612296104431152 -0.89893358945846558
vn 0.240566685795784 0.36612296104431152 -0.89893358945846558
vn 0.240566685795784 0.36612296104431152 -0.89893358945846558
vn 0.240566685795784 0.36612296104431152 -0.89893358945846558
vn 0.240566685795784 0.36612296104431152 -0.89893358945846558
vn 0.240566685795784 0.36612296104431152 -0.89893358945846558
vn -0.24029581248760223 -0.3661474883556366 0.89899605512619019
vn -0.24029581248760223 -0.3661474883556366 0.89899605512619019
vn -0.24029581248760223 -0.3661474883556366 0.89899605512619019
vn -0.24029581248760223 -0.3661474883556366 0.89899605512619019
vn -0.24029581248760223 -0.3661474883556366 0.89899605512619019
vn -0.24029581248760223 -0.3661474883556366 0.89899605512619019
f 598/598/598 600/600/600 597/597/597
f 602/602/602 604/604/604 601/601/601
f 606/606/606 608/608/608 605/605/605
f 610/610/610 612/612/612 611/611/611
f 614/614/614 616/616/616 615/615/615
f 618/618/618 620/620/620 617/617/617
f 626/626/626 624/624/624 625/625/625
f 622/622/622 624/624/624 626/626/626
f 621/621/621 623/623/623 622/622/622
f 624/624/624 622/622/622 623/623/623
f 628/628/628 632/632/632 631/631/631
f 630/630/630 627/627/627 631/631/631
f 628/628/628 631/631/631 627/627/627
f 629/629/629 627/627/627 630/630/630
f 600/600/600 599/599/599 597/597/597
f 604/604/604 603/603/603 601/601/601
f 608/608/608 607/607/607 605/605/605
f 610/610/610 611/611/611 609/609/609
f 614/614/614 615/615/615 613/613/613
f 620/620/620 619/619/619 617/617/617
o object_20
usemtl diffuse_0_0_0_255
v 0.56819011688232424 0.12628557205200197 -0.56823921203613281
v 0.38974548339843751 0.2544669342041016 -0.67526199340820314
v 0.52273490905761733 0.1161827278137207 -0.5227800750732422
v 0.35856586456298833 0.23410959243774415 -0.62124099731445315
v 0.56568050384521484 3.1988040427677335E-06 -0.56568576812744142
v 0.56819011688232424 0.12628557205200197 -0.56823921203613281
v 0.52042606353759779 2.9428998823277658E-06 -0.5204309082031251
v 0.52273490905761733 0.1161827278137207 -0.5227800750732422
v 0.20705245971679687 2.4141991161741316E-06 -0.77273307800292979
v 0.56568050384521484 3.1988040427677335E-06 -0.56568576812744142
v 0.19048826217651371 2.2210631868802014E-06 -0.71091438293457043
v 0.52042606353759779 2.9428998823277658E-06 -0.5204309082031251
v 0.20779409408569338 0.1262855625152588 -0.77620765686035165
v 0.20705245971679687 2.4141991161741316E-06 -0.77273307800292979
v 0.19117055892944337 0.11618271827697756 -0.71411102294921891
v 0.19048826217651371 2.2210631868802014E-06 -0.71091438293457043
v 0.38974548339843751 0.2544669342041016 -0.67526199340820314
v 0.20779409408569338 0.1262855625152588 -0.77620765686035165
v 0.35856586456298833 0.23410959243774415 -0.62124099731445315
v 0.19117055892944337 0.11618271827697756 -0.71411102294921891
v 0.56819011688232424 0.12628557205200197 -0.56823921203613281
v 0.38974548339843751 0.2544669342041016 -0.67526199340820314
v 0.56568050384521484 3.1988040427677335E-06 -0.56568576812744142
v 0.20705245971679687 2.4141991161741316E-06 -0.77273307800292979
v 0.20779409408569338 0.1262855625152588 -0.77620765686035165
v 0.52273490905761733 0.1161827278137207 -0.5227800750732422
v 0.35856586456298833 0.23410959243774415 -0.62124099731445315
v 0.52042606353759779 2.9428998823277658E-06 -0.5204309082031251
v 0.19048826217651371 2.2210631868802014E-06 -0.71091438293457043
v 0.19117055892944337 0.11618271827697756 -0.71411102294921891
vt 0.69031113386154175 0
vt 0.30223548412322998 0
vt 0.69031113386154175 0.10272154957056046
vt 0.30223548412322998 0.10272154957056046
vt 0.19914345443248749 0.49998882412910461
vt 0 0.49998882412910461
vt 0.19914345443248749 0.60332369804382324
vt 0 0.60332369804382324
vt 0.20060829818248749 0
vt 0.20060829818248749 0.65756970643997192
vt 0.30077064037322998 0
vt 0.30077064037322998 0.65756970643997192
vt 0.19914345443248749 0
vt 0 0
vt 0.19914345443248749 0.10333026945590973
vt 0 0.10333026945590973
vt 0.69031113386154175 0.10418639332056046
vt 0.30223548412322998 0.10418639332056046
vt 0.69031113386154175 0.20690794289112091
vt 0.30223548412322998 0.20690794289112091
vt 0.96812468767166138 0.79161256551742554
vt 0.63847583532333374 0.9945073127746582
vt 0.96670353412628174 0.59172201156616211
vt 0.31056305766105652 0.59172201156616211
vt 0.3088284432888031 0.79161006212234497
vt 0.91618800163269043 0.39591953158378601
vt 0.61225044727325439 0.58252483606338501
vt 0.91487765312194824 0.21207726001739502
vt 0.30991354584693909 0.21207726001739502
vt 0.30831423401832581 0.39591723680496216
vn 0.30067747831344604 0.82216072082519531 0.48336818814277649
vn 0.30067747831344604 0.82216072082519531 0.48336818814277649
vn 0.30067747831344604 0.82216072082519531 0.48336818814277649
vn 0.30067747831344604 0.82216072082519531 0.48336818814277649
vn 0.70711004734039307 0.00024528620997443795 0.70710349082946777
vn 0.70711004734039307 0.00024528620997443795 0.70710349082946777
vn 0.70711004734039307 0.00024528620997443795 0.70710349082946777
vn 0.70711004734039307 0.00024528620997443795 0.70710349082946777
vn 3.4567688089737203E-06 -1 -2.1979969915264519E-06
vn 3.4567688089737203E-06 -1 -2.1979969915264519E-06
vn 3.4567688089737203E-06 -1 -2.1979969915264519E-06
vn 3.4567688089737203E-06 -1 -2.1979969915264519E-06
vn -0.96592503786087036 -0.001448545721359551 -0.2588178813457489
vn -0.96592503786087036 -0.001448545721359551 -0.2588178813457489
vn -0.96592503786087036 -0.001448545721359551 -0.2588178813457489
vn -0.96592503786087036 -0.001448545721359551 -0.2588178813457489
vn -0.56892538070678711 0.82218015193939209 -0.018538700416684151
vn -0.56892538070678711 0.82218015193939209 -0.018538700416684151
vn -0.56892538070678711 0.82218015193939209 -0.018538700416684151
vn -0.56892538070678711 0.82218015193939209 -0.018538700416684151
vn 0.49962946772575378 -0.02675672248005867 -0.86582589149475098
vn 0.49962946772575378 -0.02675672248005867 -0.86582589149475098
vn 0.49962946772575378 -0.02675672248005867 -0.86582589149475098
vn 0.49962946772575378 -0.02675672248005867 -0.86582589149475098
vn 0.49962946772575378 -0.02675672248005867 -0.86582589149475098
vn -0.49962940812110901 0.026756893843412399 0.86582595109939575
vn -0.49962940812110901 0.026756893843412399 0.86582595109939575
vn -0.49962940812110901 0.026756893843412399 0.86582595109939575
vn -0.49962940812110901 0.026756893843412399 0.86582595109939575
vn -0.49962940812110901 0.026756893843412399 0.86582595109939575
f 634/634/634 636/636/636 633/633/633
f 638/638/638 640/640/640 637/637/637
f 642/642/642 644/644/644 641/641/641
f 646/646/646 648/648/648 647/647/647
f 650/650/650 652/652/652 651/651/651
f 653/653/653 656/656/656 657/657/657
f 654/654/654 653/653/653 657/657/657
f 655/655/655 656/656/656 653/653/653
f 658/658/658 662/662/662 661/661/661
f 659/659/659 662/662/662 658/658/658
f 660/660/660 658/658/658 661/661/661
f 636/636/636 635/635/635 633/633/633
f 640/640/640 639/639/639 637/637/637
f 644/644/644 643/643/643 641/641/641
f 646/646/646 647/647/647 645/645/645
f 650/650/650 651/651/651 649/649/649
o object_21
usemtl diffuse_0_0_0_255
v -0.36253032684326175 0.39459743499755862 -0.62600391387939469
v -0.17154809951782229 0.49337760925292973 -0.63694610595703127
v -0.33352790832519535 0.36302967071533204 -0.57592361450195317
v -0.1578242588043213 0.45390739440917971 -0.58599044799804689
v -0.39050090789794928 0.25441032409667969 -0.67542366027832035
v -0.36253032684326175 0.39459743499755862 -0.62600391387939469
v -0.35926082611083987 0.23405750274658207 -0.62138977050781252
v -0.33352790832519535 0.36302967071533204 -0.57592361450195317
v -0.20840696334838868 0.12628113746643069 -0.77617835998535156
v -0.39050090789794928 0.25441032409667969 -0.67542366027832035
v -0.19173439025878908 0.1161786460876465 -0.7140840911865235
v -0.35926082611083987 0.23405750274658207 -0.62138977050781252
v -0.00030804218724370005 0.25437898635864259 -0.77972793579101562
v -0.20840696334838868 0.12628113746643069 -0.77617835998535156
v -0.00028339881449937823 0.2340286636352539 -0.71734970092773453
v -0.19173439025878908 0.1161786460876465 -0.7140840911865235
v -0.00063937760889530191 0.39448863983154303 -0.72275192260742194
v -0.00030804218724370005 0.25437898635864259 -0.77972793579101562
v -0.00058822739869356165 0.36292957305908208 -0.66493179321289064
v -0.00028339881449937823 0.2340286636352539 -0.71734970092773453
v -0.17154809951782229 0.49337760925292973 -0.63694610595703127
v -0.00063937760889530191 0.39448863983154303 -0.72275192260742194
v -0.1578242588043213 0.45390739440917971 -0.58599044799804689
v -0.00058822739869356165 0.36292957305908208 -0.66493179321289064
v -0.36253032684326175 0.39459743499755862 -0.62600391387939469
v -0.17154809951782229 0.49337760925292973 -0.63694610595703127
v -0.39050090789794928 0.25441032409667969 -0.67542366027832035
v -0.20840696334838868 0.12628113746643069 -0.77617835998535156
v -0.00030804218724370005 0.25437898635864259 -0.77972793579101562
v -0.00063937760889530191 0.39448863983154303 -0.72275192260742194
v -0.33352790832519535 0.36302967071533204 -0.57592361450195317
v -0.1578242588043213 0.45390739440917971 -0.58599044799804689
v -0.35926082611083987 0.23405750274658207 -0.62138977050781252
v -0.19173439025878908 0.1161786460876465 -0.7140840911865235
v -0.00028339881449937823 0.2340286636352539 -0.71734970092773453
v -0.00058822739869356165 0.36292957305908208 -0.66493179321289064
vt 0.85943847894668579 0.17813186347484589
vt 0.85943847894668579 0.468833327293396
vt 0.94889843463897705 0.17813186347484589
vt 0.94889843463897705 0.468833327293396
vt 0.57836371660232544 0.17813186347484589
vt 0.57836371660232544 0.38338929414749146
vt 0.66782361268997192 0.17813186347484589
vt 0.66782361268997192 0.38338929414749146
vt 0.76956063508987427 0.089041836559772491
vt 0.43790826201438904 0.089041836559772491
vt 0.76956063508987427 0.17666701972484589
vt 0.43790826201438904 0.17666701972484589
vt 0.76956063508987427 0
vt 0.43790826201438904 0
vt 0.76956063508987427 0.087576992809772491
vt 0.43790826201438904 0.087576992809772491
vt 0.43790826201438904 0.17813186347484589
vt 0.43790826201438904 0.38338929414749146
vt 0.52730065584182739 0.17813186347484589
vt 0.52730065584182739 0.38338929414749146
vt 0.71892517805099487 0.17813186347484589
vt 0.71892517805099487 0.468833327293396
vt 0.80835443735122681 0.17813186347484589
vt 0.80835443735122681 0.468833327293396
vt 0.86231762170791626 0.94016838073730469
vt 0.57191109657287598 0.91607856750488281
vt 0.99303877353668213 0.78268879652023315
vt 0.87209165096282959 0.47495034337043762
vt 0.54130357503890991 0.47495034337043762
vt 0.44340458512306213 0.65466272830963135
vt 0.0042788698337972164 0.3914768397808075
vt 0.026435533538460732 0.12360476702451706
vt 0.14912119507789612 0.51205456256866455
vt 0.43216454982757568 0.40049242973327637
vt 0.43216454982757568 0.095372244715690613
vt 0.26687353849411011 0.0050698472186923027
vn -0.32707953453063965 0.70240592956542969 0.63217473030090332
vn -0.32707953453063965 0.70240592956542969 0.63217473030090332
vn -0.32707953453063965 0.70240592956542969 0.63217473030090332
vn -0.32707953453063965 0.70240592956542969 0.63217473030090332
vn -0.86625343561172485 -0.0032827823888510466 0.49959400296211243
vn -0.86625343561172485 -0.0032827823888510466 0.49959400296211243
vn -0.86625343561172485 -0.0032827823888510466 0.49959400296211243
vn -0.86625343561172485 -0.0032827823888510466 0.49959400296211243
vn -0.56838476657867432 -0.82254832983016968 0.018788367509841919
vn -0.56838476657867432 -0.82254832983016968 0.018788367509841919
vn -0.56838476657867432 -0.82254832983016968 0.018788367509841919
vn -0.56838476657867432 -0.82254832983016968 0.018788367509841919
vn 0.50163489580154419 -0.82236111164093018 -0.26848593354225159
vn 0.50163489580154419 -0.82236111164093018 -0.26848593354225159
vn 0.50163489580154419 -0.82236111164093018 -0.26848593354225159
vn 0.50163489580154419 -0.82236111164093018 -0.26848593354225159
vn 0.99999743700027466 0.0022296730894595385 0.00033234714646823704
vn 0.99999743700027466 0.0022296730894595385 0.00033234714646823704
vn 0.99999743700027466 0.0022296730894595385 0.00033234714646823704
vn 0.99999743700027466 0.0022296730894595385 0.00033234714646823704
vn 0.59913748502731323 0.70300000905990601 0.38317784667015076
vn 0.59913748502731323 0.70300000905990601 0.38317784667015076
vn 0.59913748502731323 0.70300000905990601 0.38317784667015076
vn 0.59913748502731323 0.70300000905990601 0.38317784667015076
vn -0.24025681614875793 0.36517617106437683 -0.89940148591995239
vn -0.24025681614875793 0.36517617106437683 -0.89940148591995239
vn -0.24025681614875793 0.36517617106437683 -0.89940148591995239
vn -0.24025681614875793 0.36517617106437683 -0.89940148591995239
vn -0.24025681614875793 0.36517617106437683 -0.89940148591995239
vn -0.24025681614875793 0.36517617106437683 -0.89940148591995239
vn 0.24034945666790009 -0.36504191160202026 0.89943122863769531
vn 0.24034945666790009 -0.36504191160202026 0.89943122863769531
vn 0.24034945666790009 -0.36504191160202026 0.89943122863769531
vn 0.24034945666790009 -0.36504191160202026 0.89943122863769531
vn 0.24034945666790009 -0.36504191160202026 0.89943122863769531
vn 0.24034945666790009 -0.36504191160202026 0.89943122863769531
f 664/664/664 663/663/663 665/665/665
f 668/668/668 667/667/667 670/670/670
f 672/672/672 671/671/671 674/674/674
f 676/676/676 675/675/675 677/677/677
f 680/680/680 679/679/679 681/681/681
f 684/684/684 683/683/683 685/685/685
f 688/688/688 692/692/692 691/691/691
f 690/690/690 688/688/688 691/691/691
f 689/689/689 687/687/687 690/690/690
f 688/688/688 690/690/690 687/687/687
f 695/695/695 698/698/698 694/694/694
f 697/697/697 698/698/698 696/696/696
f 693/693/693 695/695/695 694/694/694
f 696/696/696 698/698/698 695/695/695
f 664/664/664 665/665/665 666/666/666
f 667/667/667 669/669/669 670/670/670
f 671/671/671 673/673/673 674/674/674
f 676/676/676 677/677/677 678/678/678
f 680/680/680 681/681/681 682/682/682
f 684/684/684 685/685/685 686/686/686
o object_22
usemtl diffuse_0_0_0_255
v 0.62597633361816418 0.39467632293701177 -0.36147579193115242
v 0.4660393142700196 0.49368541717529307 -0.46620784759521494
v 0.5758982086181641 0.36310222625732425 -0.33255771636962894
v 0.42875617980957037 0.45419059753417979 -0.42891120910644531
v 0.6753254699707032 0.254561710357666 -0.38993030548095708
v 0.62597633361816418 0.39467632293701177 -0.36147579193115242
v 0.62129940032958997 0.23419677734375002 -0.35873588562011727
v 0.5758982086181641 0.36310222625732425 -0.33255771636962894
v 0.56819011688232424 0.12628557205200197 -0.56823921203613281
v 0.6753254699707032 0.254561710357666 -0.38993030548095708
v 0.52273490905761733 0.1161827278137207 -0.5227800750732422
v 0.62129940032958997 0.23419677734375002 -0.35873588562011727
v 0.38974548339843751 0.2544669342041016 -0.67526199340820314
v 0.56819011688232424 0.12628557205200197 -0.56823921203613281
v 0.35856586456298833 0.23410959243774415 -0.62124099731445315
v 0.52273490905761733 0.1161827278137207 -0.5227800750732422
v 0.36112041473388673 0.39455993652343757 -0.62595024108886721
v 0.38974548339843751 0.2544669342041016 -0.67526199340820314
v 0.33223079681396489 0.36299514770507812 -0.5758742141723634
v 0.35856586456298833 0.23410959243774415 -0.62124099731445315
v 0.4660393142700196 0.49368541717529307 -0.46620784759521494
v 0.36112041473388673 0.39455993652343757 -0.62595024108886721
v 0.42875617980957037 0.45419059753417979 -0.42891120910644531
v 0.33223079681396489 0.36299514770507812 -0.5758742141723634
v 0.62597633361816418 0.39467632293701177 -0.36147579193115242
v 0.4660393142700196 0.49368541717529307 -0.46620784759521494
v 0.6753254699707032 0.254561710357666 -0.38993030548095708
v 0.56819011688232424 0.12628557205200197 -0.56823921203613281
v 0.38974548339843751 0.2544669342041016 -0.67526199340820314
v 0.36112041473388673 0.39455993652343757 -0.62595024108886721
v 0.5758982086181641 0.36310222625732425 -0.33255771636962894
v 0.42875617980957037 0.45419059753417979 -0.42891120910644531
v 0.62129940032958997 0.23419677734375002 -0.35873588562011727
v 0.52273490905761733 0.1161827278137207 -0.5227800750732422
v 0.35856586456298833 0.23410959243774415 -0.62124099731445315
v 0.33223079681396489 0.36299514770507812 -0.5758742141723634
v 0.38974548339843751 0.2544669342041016 -0.67526199340820314
v 0.62597633361816418 0.39467632293701177 -0.36147579193115242
v 0.35856586456298833 0.23410959243774415 -0.62124099731445315
v 0.5758982086181641 0.36310222625732425 -0.33255771636962894
vt 0.85943049192428589 0.17813506722450256
vt 0.85943049192428589 0.46890166401863098
vt 0.94886183738708496 0.17813506722450256
vt 0.94886183738708496 0.46890166401863098
vt 0.57829278707504272 0.17813506722450256
vt 0.57829278707504272 0.38343822956085205
vt 0.6677241325378418 0.17813506722450256
vt 0.6677241325378418 0.38343822956085205
vt 0.76948904991149902 0.089058332145214081
vt 0.43776276707649231 0.089058332145214081
vt 0.76948904991149902 0.17667022347450256
vt 0.43776276707649231 0.17667022347450256
vt 0.76948904991149902 0
vt 0.43776276707649231 0
vt 0.76948904991149902 0.087593488395214081
vt 0.43776276707649231 0.087593488395214081
vt 0.43776276707649231 0.17813506722450256
vt 0.43776276707649231 0.38343822956085205
vt 0.52716898918151855 0.17813506722450256
vt 0.52716898918151855 0.38343822956085205
vt 0.71886229515075684 0.17813506722450256
vt 0.71886229515075684 0.46890166401863098
vt 0.80829280614852905 0.17813506722450256
vt 0.80829280614852905 0.46890166401863098
vt 0.99303734302520752 0.65451693534851074
vt 0.86502271890640259 0.91624581813812256
vt 0.89465409517288208 0.47501713037490845
vt 0.56379210948944092 0.47501713037490845
vt 0.44326052069664001 0.7829972505569458
vt 0.57452970743179321 0.94008010625839233
vt 0.26692497730255127 0.51218706369400024
vt 0.026199096813797951 0.3941059410572052
vt 0.43202048540115356 0.421438068151474
vt 0.43202048540115356 0.11624987423419952
vt 0.14875485002994537 0.0050711594521999359
vt 0.0042774435132741928 0.12615427374839783
vt 0.44326052069664001 0.7829972505569458
vt 0.99303734302520752 0.65451693534851074
vt 0.14875485002994537 0.0050711594521999359
vt 0.26692497730255127 0.51218706369400024
vn -0.031548235565423965 0.7018241286277771 0.71165132522583008
vn -0.031548235565423965 0.7018241286277771 0.71165132522583008
vn -0.031548235565423965 0.7018241286277771 0.71165132522583008
vn -0.031548235565423965 0.7018241286277771 0.71165132522583008
vn 0.4999687671661377 0.00021533724793698639 0.86604338884353638
vn 0.4999687671661377 0.00021533724793698639 0.86604338884353638
vn 0.4999687671661377 0.00021533724793698639 0.86604338884353638
vn 0.4999687671661377 0.00021533724793698639 0.86604338884353638
vn 0.48354431986808777 -0.82200491428375244 0.30082026124000549
vn 0.48354431986808777 -0.82200491428375244 0.30082026124000549
vn 0.48354431986808777 -0.82200491428375244 0.30082026124000549
vn 0.48354431986808777 -0.82200491428375244 0.30082026124000549
vn -0.30067747831344604 -0.82216072082519531 -0.48336818814277649
vn -0.30067747831344604 -0.82216072082519531 -0.48336818814277649
vn -0.30067747831344604 -0.82216072082519531 -0.48336818814277649
vn -0.30067747831344604 -0.82216072082519531 -0.48336818814277649
vn -0.86594474315643311 -0.00089234317420050502 -0.50013887882232666
vn -0.86594474315643311 -0.00089234317420050502 -0.50013887882232666
vn -0.86594474315643311 -0.00089234317420050502 -0.50013887882232666
vn -0.86594474315643311 -0.00089234317420050502 -0.50013887882232666
vn -0.71161049604415894 0.7018512487411499 0.031864076852798462
vn -0.71161049604415894 0.7018512487411499 0.031864076852798462
vn -0.71161049604415894 0.7018512487411499 0.031864076852798462
vn -0.71161049604415894 0.7018512487411499 0.031864076852798462
vn 0.65768426656723022 0.36573308706283569 -0.65855199098587036
vn 0.65714520215988159 0.36618125438690186 -0.65884101390838623
vn 0.65768426656723022 0.36573308706283569 -0.65855199098587036
vn 0.65768426656723022 0.36573308706283569 -0.65855199098587036
vn 0.65768426656723022 0.36573308706283569 -0.65855199098587036
vn 0.65714520215988159 0.36618125438690186 -0.65884101390838623
vn -0.65768426656723022 -0.36573314666748047 0.65855199098587036
vn -0.65714526176452637 -0.3661811351776123 0.65884101390838623
vn -0.65768426656723022 -0.36573314666748047 0.65855199098587036
vn -0.65768426656723022 -0.36573314666748047 0.65855199098587036
vn -0.65768426656723022 -0.36573314666748047 0.65855199098587036
vn -0.65714526176452637 -0.3661811351776123 0.65884101390838623
vn 0.65714520215988159 0.36618125438690186 -0.65884101390838623
vn 0.65714520215988159 0.36618125438690186 -0.65884101390838623
vn -0.65714526176452637 -0.3661811351776123 0.65884101390838623
vn -0.65714526176452637 -0.3661811351776123 0.65884101390838623
f 700/700/700 702/702/702 701/701/701
f 704/704/704 706/706/706 703/703/703
f 708/708/708 710/710/710 707/707/707
f 712/712/712 714/714/714 713/713/713
f 716/716/716 718/718/718 717/717/717
f 720/720/720 722/722/722 721/721/721
f 724/724/724 735/735/735 728/728/728
f 726/726/726 727/727/727 723/723/723
f 724/724/724 736/736/736 735/735/735
f 725/725/725 726/726/726 723/723/723
f 730/730/730 734/734/734 737/737/737
f 732/732/732 729/729/729 733/733/733
f 730/730/730 737/737/737 738/738/738
f 731/731/731 729/729/729 732/732/732
f 700/700/700 701/701/701 699/699/699
f 706/706/706 705/705/705 703/703/703
f 710/710/710 709/709/709 707/707/707
f 712/712/712 713/713/713 711/711/711
f 716/716/716 717/717/717 715/715/715
f 720/720/720 721/721/721 719/719/719
o object_23
usemtl diffuse_0_0_0_255
v 0.7762220764160157 0.1262846660614014 -0.20801912307739259
v 0.6753254699707032 0.254561710357666 -0.38993030548095708
v 0.71412429809570321 0.11618188858032229 -0.19137758255004886
v 0.62129940032958997 0.23419677734375002 -0.35873588562011727
v 0.7727151489257813 3.9494171505793938E-06 -0.20705043792724612
v 0.7762220764160157 0.1262846660614014 -0.20801912307739259
v 0.71089790344238291 3.6334639298729597E-06 -0.19048641204833985
v 0.71412429809570321 0.11618188858032229 -0.19137758255004886
v 0.56568050384521484 3.1988040427677335E-06 -0.56568576812744142
v 0.7727151489257813 3.9494171505793938E-06 -0.20705043792724612
v 0.52042606353759779 2.9428998823277658E-06 -0.5204309082031251
v 0.71089790344238291 3.6334639298729597E-06 -0.19048641204833985
v 0.56819011688232424 0.12628557205200197 -0.56823921203613281
v 0.56568050384521484 3.1988040427677335E-06 -0.56568576812744142
v 0.52273490905761733 0.1161827278137207 -0.5227800750732422
v 0.52042606353759779 2.9428998823277658E-06 -0.5204309082031251
v 0.6753254699707032 0.254561710357666 -0.38993030548095708
v 0.56819011688232424 0.12628557205200197 -0.56823921203613281
v 0.62129940032958997 0.23419677734375002 -0.35873588562011727
v 0.52273490905761733 0.1161827278137207 -0.5227800750732422
v 0.7762220764160157 0.1262846660614014 -0.20801912307739259
v 0.6753254699707032 0.254561710357666 -0.38993030548095708
v 0.7727151489257813 3.9494171505793938E-06 -0.20705043792724612
v 0.56568050384521484 3.1988040427677335E-06 -0.56568576812744142
v 0.56819011688232424 0.12628557205200197 -0.56823921203613281
v 0.71412429809570321 0.11618188858032229 -0.19137758255004886
v 0.62129940032958997 0.23419677734375002 -0.35873588562011727
v 0.71089790344238291 3.6334639298729597E-06 -0.19048641204833985
v 0.52042606353759779 2.9428998823277658E-06 -0.5204309082031251
v 0.52273490905761733 0.1161827278137207 -0.5227800750732422
vt 0.69007045030593872 0
vt 0.30213013291358948 0
vt 0.69007045030593872 0.10270675271749496
vt 0.30213013291358948 0.10270675271749496
vt 0.19907352328300476 0.49998930096626282
vt 0 0.49998930096626282
vt 0.19907352328300476 0.60329258441925049
vt 0 0.60329258441925049
vt 0.20053836703300476 0
vt 0.20053836703300476 0.65734046697616577
vt 0.30066528916358948 0
vt 0.30066528916358948 0.65734046697616577
vt 0.19907352328300476 0
vt 0 0
vt 0.19907352328300476 0.1032988578081131
vt 0 0.1032988578081131
vt 0.69007045030593872 0.10417159646749496
vt 0.30213013291358948 0.10417159646749496
vt 0.69007045030593872 0.20687834918498993
vt 0.30213013291358948 0.20687834918498993
vt 0.96759331226348877 0.79152745008468628
vt 0.63815593719482422 0.99450713396072388
vt 0.96614468097686768 0.59170675277709961
vt 0.31023386120796204 0.59170675277709961
vt 0.30871888995170593 0.7915269136428833
vt 0.91569072008132935 0.3958258330821991
vt 0.61194771528244019 0.58250927925109863
vt 0.91435503959655762 0.21204780042171478
vt 0.30960181355476379 0.21204780042171478
vt 0.30820497870445251 0.39582538604736328
vn 0.018809719011187553 0.8219839334487915 0.56919997930526733
vn 0.018809719011187553 0.8219839334487915 0.56919997930526733
vn 0.018809719011187553 0.8219839334487915 0.56919997930526733
vn 0.018809719011187553 0.8219839334487915 0.56919997930526733
vn 0.25882136821746826 0.00022170323063619435 0.96592515707015991
vn 0.25882136821746826 0.00022170323063619435 0.96592515707015991
vn 0.25882136821746826 0.00022170323063619435 0.96592515707015991
vn 0.25882136821746826 0.00022170323063619435 0.96592515707015991
vn 4.9120799303636886E-06 -1 -7.4269735250709346E-07
vn 4.9120799303636886E-06 -1 -7.4269735250709346E-07
vn 4.9120799303636886E-06 -1 -7.4269735250709346E-07
vn 4.9120799303636886E-06 -1 -7.4269735250709346E-07
vn -0.70711004734039307 -0.00024528620997443795 -0.70710349082946777
vn -0.70711004734039307 -0.00024528620997443795 -0.70710349082946777
vn -0.70711004734039307 -0.00024528620997443795 -0.70710349082946777
vn -0.70711004734039307 -0.00024528620997443795 -0.70710349082946777
vn -0.48354431986808777 0.82200491428375244 -0.30082026124000549
vn -0.48354431986808777 0.82200491428375244 -0.30082026124000549
vn -0.48354431986808777 0.82200491428375244 -0.30082026124000549
vn -0.48354431986808777 0.82200491428375244 -0.30082026124000549
vn 0.86564111709594727 -0.027311338111758232 -0.49991950392723083
vn 0.86564111709594727 -0.027311338111758232 -0.49991950392723083
vn 0.86564111709594727 -0.027311338111758232 -0.49991950392723083
vn 0.86564111709594727 -0.027311338111758232 -0.49991950392723083
vn 0.86564111709594727 -0.027311338111758232 -0.49991950392723083
vn -0.86564117670059204 0.027311341837048531 0.49991944432258606
vn -0.86564117670059204 0.027311341837048531 0.49991944432258606
vn -0.86564117670059204 0.027311341837048531 0.49991944432258606
vn -0.86564117670059204 0.027311341837048531 0.49991944432258606
vn -0.86564117670059204 0.027311341837048531 0.49991944432258606
f 740/740/740 742/742/742 739/739/739
f 744/744/744 746/746/746 743/743/743
f 748/748/748 750/750/750 749/749/749
f 752/752/752 754/754/754 753/753/753
f 756/756/756 758/758/758 757/757/757
f 759/759/759 762/762/762 763/763/763
f 760/760/760 759/759/759 763/763/763
f 761/761/761 762/762/762 759/759/759
f 764/764/764 768/768/768 767/767/767
f 765/765/765 768/768/768 764/764/764
f 766/766/766 764/764/764 767/767/767
f 742/742/742 741/741/741 739/739/739
f 746/746/746 745/745/745 743/743/743
f 748/748/748 749/749/749 747/747/747
f 752/752/752 753/753/753 751/751/751
f 756/756/756 757/757/757 755/755/755
o object_24
usemtl diffuse_0_0_0_255
v -0.00030804218724370005 0.25437898635864259 -0.77972793579101562
v -0.20840696334838868 0.12628113746643069 -0.77617835998535156
v -0.00028339881449937823 0.2340286636352539 -0.71734970092773453
v -0.19173439025878908 0.1161786460876465 -0.7140840911865235
v 0.20779409408569338 0.1262855625152588 -0.77620765686035165
v -0.00030804218724370005 0.25437898635864259 -0.77972793579101562
v 0.19117055892944337 0.11618271827697756 -0.71411102294921891
v -0.00028339881449937823 0.2340286636352539 -0.71734970092773453
v 0.20705245971679687 2.4141991161741316E-06 -0.77273307800292979
v 0.20779409408569338 0.1262855625152588 -0.77620765686035165
v 0.19048826217651371 2.2210631868802014E-06 -0.71091438293457043
v 0.19117055892944337 0.11618271827697756 -0.71411102294921891
v -0.20705217361450196 2.2828555665910246E-06 -0.77273284912109386
v 0.20705245971679687 2.4141991161741316E-06 -0.77273307800292979
v -0.19048799514770509 2.1002271387260409E-06 -0.71091423034667978
v 0.19048826217651371 2.2210631868802014E-06 -0.71091438293457043
v -0.20840696334838868 0.12628113746643069 -0.77617835998535156
v -0.20705217361450196 2.2828555665910246E-06 -0.77273284912109386
v -0.19173439025878908 0.1161786460876465 -0.7140840911865235
v -0.19048799514770509 2.1002271387260409E-06 -0.71091423034667978
v -0.00030804218724370005 0.25437898635864259 -0.77972793579101562
v -0.20840696334838868 0.12628113746643069 -0.77617835998535156
v 0.20779409408569338 0.1262855625152588 -0.77620765686035165
v 0.20705245971679687 2.4141991161741316E-06 -0.77273307800292979
v -0.20705217361450196 2.2828555665910246E-06 -0.77273284912109386
v -0.00028339881449937823 0.2340286636352539 -0.71734970092773453
v -0.19173439025878908 0.1161786460876465 -0.7140840911865235
v 0.19117055892944337 0.11618271827697756 -0.71411102294921891
v 0.19048826217651371 2.2210631868802014E-06 -0.71091438293457043
v -0.19048799514770509 2.1002271387260409E-06 -0.71091423034667978
vt 0.69048899412155151 0.10421726107597351
vt 0.30231302976608276 0.10421726107597351
vt 0.69048899412155151 0.20696967840194702
vt 0.30231302976608276 0.20696967840194702
vt 0.69048899412155151 0
vt 0.30231302976608276 0
vt 0.69048899412155151 0.10275241732597351
vt 0.30231302976608276 0.10275241732597351
vt 0.19919534027576447 0
vt 0 0
vt 0.19919534027576447 0.1033569872379303
vt 0 0.1033569872379303
vt 0.20066018402576447 0
vt 0.20066018402576447 0.65773975849151611
vt 0.30084818601608276 0
vt 0.30084818601608276 0.65773975849151611
vt 0.19919534027576447 0.49996060132980347
vt 0 0.49996060132980347
vt 0.19919534027576447 0.60333389043807983
vt 0 0.60333389043807983
vt 0.63872355222702026 0.99450761079788208
vt 0.30890935659408569 0.79168957471847534
vt 0.96854275465011597 0.79169785976409912
vt 0.96736735105514526 0.59175407886505127
vt 0.31105652451515198 0.59175384044647217
vt 0.61248451471328735 0.58255726099014282
vt 0.30839487910270691 0.39602252840995789
vt 0.91657882928848267 0.39603012800216675
vt 0.91549509763717651 0.21213890612125397
vt 0.31037455797195435 0.21213871240615845
vn -0.50163489580154419 0.82236111164093018 0.26848593354225159
vn -0.50163489580154419 0.82236111164093018 0.26848593354225159
vn -0.50163489580154419 0.82236111164093018 0.26848593354225159
vn -0.50163489580154419 0.82236111164093018 0.26848593354225159
vn 0.50170266628265381 0.82244062423706055 0.26811540126800537
vn 0.50170266628265381 0.82244062423706055 0.26811540126800537
vn 0.50170266628265381 0.82244062423706055 0.26811540126800537
vn 0.50170266628265381 0.82244062423706055 0.26811540126800537
vn 0.96592503786087036 0.001448545721359551 0.2588178813457489
vn 0.96592503786087036 0.001448545721359551 0.2588178813457489
vn 0.96592503786087036 0.001448545721359551 0.2588178813457489
vn 0.96592503786087036 0.001448545721359551 0.2588178813457489
vn 3.1717331694380846E-07 -1 -3.0392470762308221E-06
vn 3.1717331694380846E-07 -1 -3.0392470762308221E-06
vn 3.1717331694380846E-07 -1 -3.0392470762308221E-06
vn 3.1717331694380846E-07 -1 -3.0392470762308221E-06
vn -0.96592080593109131 -0.0033011026680469513 0.25881665945053101
vn -0.96592080593109131 -0.0033011026680469513 0.25881665945053101
vn -0.96592080593109131 -0.0033011026680469513 0.25881665945053101
vn -0.96592080593109131 -0.0033011026680469513 0.25881665945053101
vn -0.00025976367760449648 -0.027277570217847824 -0.99962788820266724
vn -0.00025976367760449648 -0.027277570217847824 -0.99962788820266724
vn -0.00025976367760449648 -0.027277570217847824 -0.99962788820266724
vn -0.00025976367760449648 -0.027277570217847824 -0.99962788820266724
vn -0.00025976367760449648 -0.027277570217847824 -0.99962788820266724
vn 0.00025981231010518968 0.027277493849396706 0.99962788820266724
vn 0.00025981231010518968 0.027277493849396706 0.99962788820266724
vn 0.00025981231010518968 0.027277493849396706 0.99962788820266724
vn 0.00025981231010518968 0.027277493849396706 0.99962788820266724
vn 0.00025981231010518968 0.027277493849396706 0.99962788820266724
f 770/770/770 772/772/772 771/771/771
f 774/774/774 776/776/776 773/773/773
f 778/778/778 780/780/780 777/777/777
f 782/782/782 784/784/784 781/781/781
f 786/786/786 788/788/788 787/787/787
f 789/789/789 793/793/793 790/790/790
f 791/791/791 792/792/792 789/789/789
f 793/793/793 789/789/789 792/792/792
f 794/794/794 795/795/795 798/798/798
f 796/796/796 794/794/794 797/797/797
f 798/798/798 797/797/797 794/794/794
f 770/770/770 771/771/771 769/769/769
f 776/776/776 775/775/775 773/773/773
f 780/780/780 779/779/779 777/777/777
f 784/784/784 783/783/783 781/781/781
f 786/786/786 787/787/787 785/785/785
